FilterItLogS,Lipinski,RNCG,SIC0,RPCG,ATS0Z,PEOE_VSA6,RNCS,measured log(solubility:mol/L)
-2.790325882761411,1,0.330753788756304,0.5,0.5512522318445603,1230,34.80281967069755,183.4787086217133,-2.18
-2.129910721808897,1,0.3116903930765028,0.5204260414863776,0.6951889990559648,942,34.80281967069755,196.813415967609,-2.0
-2.433985882761411,1,0.25,0.5,0.3354262337929164,1230,0.0,244.1110412185361,-1.74
-2.147370721808898,1,0.3729168969379626,0.5204260414863776,0.3640498515906619,942,0.0,178.6280942377801,-1.48
-2.664600442853576,1,0.2777515649885069,0.5204260414863776,0.5332215075648326,1182,23.20187978046503,123.6380496560925,-3.04
-1.466564027736467,1,0.4294994501695388,0.5,0.4249604490181807,654,0.0,153.732528418025,-1.29
-1.47346323542649,1,0.337953349194981,0.6131471927654584,0.4684429275844422,652,29.78081546406353,208.9449791711317,-1.64
-1.32901139470886,1,0.4399992749239394,0.2782127046172332,0.1921300333390097,358,0.0,20.24518226420539,-0.43
-4.565661576512394,1,0.2024991002226271,0.40701901811629,0.1943317499107612,1374,46.40375956093006,310.7683161144132,-4.57
-2.865086620019952,1,0.1280126518464555,0.222905136009398,0.1292439094868346,372,24.26546827384644,127.3323056229721,-4.37
-4.565661576512394,1,0.2235158903168304,0.40701901811629,0.2067228859640076,1374,46.40375956093006,314.5036566647497,-4.63
-3.790285475932683,1,0.2122767372541593,0.4184144184766947,0.1997938904577292,1086,40.86918673915916,296.9136965714851,-4.0
-3.055349557103468,1,0.1405276501011813,0.2243071347541535,0.1424372331111658,336,18.19910120538483,120.0269676476488,-3.2
-5.429948783740722,1,0.1898528617643706,0.40701901811629,0.2479720388157634,5118,0.0,366.2512921743487,-6.98
-4.565661576512394,1,0.2209237077077352,0.40701901811629,0.1751476578898533,1374,46.40375956093006,283.967584624598,-5.56
-3.610082394121515,1,0.1210579098880813,0.2137135814081428,0.136218338102441,374,12.13273413692322,101.6686269680278,-4.59
-4.481116462516357,1,0.184711206084072,0.4184144184766947,0.2352509611751643,3894,15.92994389794935,427.3326542953239,-4.5
-3.790285475932683,1,0.2371604502617944,0.4184144184766947,0.18422518963894,1086,34.80281967069755,296.6150044468479,-3.59
-3.055349557103468,1,0.1342762432499369,0.2243071347541535,0.1429137865270977,336,23.76255269708183,99.2252789192444,-3.31
-0.5786733952133488,1,0.4355215913052869,0.3805307530778357,0.2533131177736636,350,12.13273413692322,61.40810643686851,0.62
-3.502808740325573,1,0.1938564719107127,0.40701901811629,0.2015821918382776,2670,12.13273413692322,85.18032205569588,-3.5
-2.395293751676093,1,0.5,0.5,0.2150216203342916,2526,31.8598877958987,141.9238448808777,-1.68
-3.002181541955481,1,0.223068644029482,0.40701901811629,0.1723180197670083,798,35.33461391738825,279.9249210733239,-3.05
-1.840364027736467,1,0.5,0.5,0.178463917718902,654,0.0,130.4950110430824,-1.06
-1.893586414323361,1,0.4245671205720752,0.4149153817759055,0.1633117832178022,692,0.0,152.4736113019825,-1.6
-2.320915482362771,1,0.2252750441736261,0.5,0.5,974,0.0,163.0448222123181,-2.74
-1.70281139470886,1,0.4506280005233379,0.2782127046172332,0.0831287782875034,358,0.0,32.69805145731558,-0.77
-3.342302394121514,1,0.1202902161907178,0.2137135814081428,0.1214465090801656,374,38.11294267322769,139.4345661917578,-3.28
-1.799237928918452,1,0.2259655446655843,0.4764097655573916,0.3025237031296714,574,12.13273413692322,206.1968192695656,-3.1
-0.1468039322419946,1,0.9112041475112818,0.3899728733539151,0.1906739493172428,178,0.0,40.48384018304182,-0.59
-4.481116462516357,1,0.2005178659172409,0.4184144184766947,0.2554279709871281,3894,47.78983169384804,395.9771705515711,-5.6
-3.790285475932683,1,0.2577553808202133,0.4184144184766947,0.2001876848261889,1086,34.80281967069755,271.9688406793077,-4.48
-3.055349557103468,1,0.1280509263610378,0.2243071347541535,0.1427406883005728,336,34.88945568047582,90.02839420502679,-3.4
-1.971988680893174,1,0.1666666666666667,0.4600312555719781,0.1823966686399643,750,0.0,283.961792996904,-2.89
-0.5786733952133488,1,0.4573053902252318,0.3805307530778357,0.2639385701821098,350,6.06636706846161,65.95370468161498,0.81
-0.57706157746339,1,0.2928630855461279,0.2922852532386289,0.1821310058088503,150,25.30991158086476,114.7036846962214,-1.87
-3.502808740325573,1,0.2061848984211949,0.40701901811629,0.2220879810938607,2670,37.92625486436031,82.49318084631273,-3.54
-3.002181541955481,1,0.2482468887881386,0.40701901811629,0.1926704901899926,798,29.26824684892664,280.2243260386387,-3.04
-2.26738641432336,1,0.4535685115945464,0.4149153817759055,0.155983279079832,692,0.0,155.7384282495197,-1.62
-1.684563848542957,1,0.4208556709439543,0.3448619546669419,0.1921865956246672,546,0.0,16.41845887885037,-1.46
-2.292692588440671,1,0.3960015216489651,0.40701901811629,0.2404371285339243,382,6.06636706846161,120.0049187461384,-2.0
-3.924463749587873,1,0.1132150329821852,0.2181042919855316,0.1161113240750691,444,41.96165390246666,152.7388056129133,-4.29
-1.799237928918452,1,0.2387683002308359,0.4764097655573916,0.2549401170490766,574,0.0,197.9495871230906,-2.29
-0.5786733952133488,1,0.4693987521613316,0.3805307530778357,0.2708411479702062,350,0.0,62.78098304000202,-0.17
-0.4910947866093258,1,0.2272630248828972,0.258769711834957,0.1549954666381091,224,24.30408042733552,63.71975513338149,-2.06
-3.502808740325573,1,0.1758468231528027,0.40701901811629,0.219640755437261,2670,31.8598877958987,450.9415432572164,-4.07
-3.002181541955481,1,0.2503651176641555,0.40701901811629,0.1896626445364026,798,23.20187978046503,282.9195236415444,-3.27
-3.342302394121514,1,0.1188447767040958,0.2137135814081428,0.1213191029044436,374,38.11294267322769,155.4422452152469,-3.75
-2.292692588440671,1,0.407750220234806,0.40701901811629,0.2421081409313015,382,0.0,116.0009234397419,-1.97
-3.924463749587873,1,0.1133680706508149,0.2181042919855316,0.1157866855381959,444,36.39820241076966,148.9901964061559,-4.14
-1.799237928918452,1,0.25,0.4764097655573916,0.2607619011462229,574,0.0,188.9725070608272,-3.39
-1.026587486042054,1,0.2576038170751697,0.259762806028293,0.1436043426342191,188,12.15204021366776,128.4778463150068,-2.09
-3.924463749587873,1,0.1128830031256737,0.2181042919855316,0.1157869197105887,444,36.39820241076966,147.7469596770782,-4.679
-1.466918410308724,1,0.2276370422692885,0.2386085007312413,0.1258219384823089,226,12.15204021366776,141.2399638193219,-2.68
-3.79132859758148,1,0.3267502506809017,0.2964905527401483,0.1071459462097486,538,12.13273413692322,60.36400444876445,-2.68
-2.452105607248686,1,0.5893270550668716,0.2314252028779518,0.1056525971916403,442,0.0,10.66963584435661,-1.74
-4.084025936987342,1,0.3019000569844376,0.205036765658875,0.1634010544001591,878,19.42057892945051,63.10814431372455,-3.999
-3.809626485414134,1,0.3867989180340545,0.2822775393589443,0.1517717144676195,576,24.26546827384644,19.08081387965654,-4.22
-1.929438918855132,1,0.3644897178309054,0.3146849835798619,0.1533275099930695,1378,29.7774182973306,178.6602722734639,-2.43
-2.303238918855132,1,0.360675286111158,0.3146849835798619,0.1502214320943944,1378,29.27450272056598,194.8756656388596,-2.37
-3.546178978944944,1,0.2224300143909903,0.2478527920684812,0.0926428035773329,1492,48.53696758934401,324.9837021907875,-4.43
-3.134390806057089,1,0.2550092347865016,0.2640380642216691,0.1062121517587679,1454,42.116145966418,284.8902215300726,-3.81
-3.871231533997496,1,0.1326677637733119,0.2956072966275083,0.1366584522697934,1592,52.32814630871901,124.6450504611527,-4.35
-3.955835119340517,1,0.197232214754586,0.235039911917109,0.0821478404372121,1530,54.95778921227002,401.5205047836515,-5.06
-2.720192333505154,1,0.2987700976077513,0.2852838314120776,0.1244386830681171,1416,35.69532434349199,270.6245677863211,-3.08
-1.883095006940462,1,0.4554745494170709,0.3586342117568435,0.1896335778218066,1340,22.85368109763997,157.7359860732459,-1.73
-0.772406102789851,1,0.7262254181798475,0.2966396176163633,0.3848204220260029,218,13.34455882261663,51.66141620749423,0.0
-0.9300227810523284,1,0.3492107132347019,0.2561521449303205,0.1929056246417083,152,12.9997573065245,94.36893534606584,-1.94
-0.55960157746339,1,0.4267847248931489,0.2922852532386289,0.4399475597600753,150,6.923737199690624,122.6600946452068,-1.24
-2.133212667089459,1,0.5788949494141292,0.5833333333333334,0.2042707373044932,1590,15.92994389794935,111.0671867900979,-1.32
-1.630710367802073,1,0.4464661267127673,0.3146849835798619,0.1546283118894464,442,13.84747439938125,133.7951580547524,-2.0
-2.004510367802073,1,0.4415710057337216,0.3146849835798619,0.1516514218468443,442,13.34455882261663,145.60791502057,-2.03
-3.279106178451973,1,0.2835488295393453,0.2478527920684812,0.0973814327666438,556,32.60702369139466,217.8090741211806,-4.0
-2.858371744244983,1,0.3219512986480396,0.2640380642216691,0.1105702985593662,518,26.18620206846865,195.9956235362061,-3.12
-3.61880722455085,1,0.1713422252943995,0.2956072966275083,0.1307904177824848,656,47.99914230100217,362.4383317964736,-3.93
-2.433770918824322,1,0.372385548116816,0.2852838314120776,0.127891329044086,480,19.76538044554264,166.2412998792979,-2.73
-1.56948147350427,1,0.5428545798387518,0.3586342117568435,0.1863760390302208,404,6.923737199690624,133.9425603501153,-1.47
-3.322268061686397,1,0.4578952516927212,0.2110847813434559,0.2426347554980857,446,51.8694885601727,69.71375649352348,-3.63
-3.519429115167914,1,0.1676805482005783,0.1871441427441503,0.0926536876852017,380,45.10386542115455,166.2423726826102,-5.51
-4.145841168392834,1,0.4076853737892169,0.198416376245059,0.2160289730540238,522,64.71113180602472,79.9447565345223,-4.8
-3.790573749587873,1,0.1079271715879756,0.2181042919855316,0.1102120266247505,444,49.38830667892189,150.5913577560686,-4.17
-2.066467038575199,1,0.5616538317034973,0.2398021753972368,0.2976155346144285,332,32.60702369139466,50.60293247492252,-1.81
-2.2498179718818,1,0.2266355928227036,0.2090686409165615,0.1252299307113517,266,25.84140055237652,144.4699493587383,-3.73
-1.882875367285807,1,0.2709339045445826,0.2235094672362417,0.2793149269189105,264,19.76538044554264,193.044159741186,-3.01
-5.770296886922822,0,0.3343581926601624,0.1808541188598061,0.1771735304635174,674,90.39441829772878,84.68921391409611,-7.0
-1.640495888550464,1,0.6075433972263484,0.2539707371322467,0.32193202068264,294,26.18620206846865,59.13140987424705,-1.24
-1.817260500240709,1,0.2567226925848007,0.2202187890038467,0.1418548755689819,228,25.84140055237652,122.3854498129255,-3.23
-0.9174243688016216,1,0.5595373513910119,0.2748250104532309,0.3033248011857849,292,19.42057892945051,61.24538880311702,-0.59
-1.449458410308725,1,0.3079722813034971,0.2386085007312413,0.317499038752301,226,13.34455882261663,152.6454462525168,-2.36
-2.431736031105591,1,0.3425095503680926,0.3146849835798619,0.1495691938168706,2962,35.93542944968469,248.4404815011119,-2.96
-3.653310779054451,1,0.2095975871339898,0.2478527920684812,0.0915289834373856,3076,55.19789431846272,401.2942781229134,-4.81
-3.967564365280089,1,0.1339869891112188,0.2956072966275083,0.1378559792294774,3176,36.39820241076966,118.833715210863,-4.55
-2.020724360194497,1,0.4343150462055116,0.3586342117568435,0.18958485229047,2924,29.51460782675868,193.5326579312804,-2.29
-1.598915367285807,1,0.2296743867657812,0.2235094672362417,0.1543236260954405,264,11.64912463690315,49.06233574278208,-3.27
-4.512283070847696,1,0.1040859896997989,0.2118370858458134,0.1057589440748418,516,42.46456947923127,154.3330870300432,-5.22
-3.374683142236925,1,0.1180193804938028,0.2272977056294367,0.1205175508739219,406,42.46456947923127,132.109184428573,-3.7
-4.776047009387291,1,0.0950866473945803,0.2084331247347669,0.0971345196605186,552,54.59730361615449,166.9521992905375,-5.85
-0.6841083949284741,1,0.2773483848202624,0.4689823920546421,0.2991541748847368,412,0.0,4.782215021427295,-0.807
-2.414367207728932,1,0.5754118225932188,0.2910563814844883,0.3324747132780029,432,36.39820241076966,52.01566419347332,-2.22
-2.629531194758687,1,0.4998545371859077,0.2856358943720034,0.1961083677420071,418,36.39820241076966,24.13784622774187,-1.92
-3.015952880778601,1,0.2998675674365779,0.3652050173140735,0.3212244942308909,544,30.33183534230805,153.0033665374831,-3.54
-0.98418594980076,1,0.4497395265476873,0.4510762136412372,0.3453671363479286,292,6.923737199690624,99.7326678902669,-0.8
-2.90678416866862,1,0.4879423510560931,0.2190038024377395,0.2585564550145306,408,45.44866693724668,61.59782231102935,-3.01
-3.100069171578492,1,0.1836006488712949,0.193126721428565,0.1014505102820428,342,38.68304379822854,166.3668216378107,-5.05
-2.734389361103354,1,0.2184091451796196,0.2029957756511022,0.2251653757748373,340,32.60702369139466,241.1995262716672,-4.24
-6.573830575316284,0,0.3067700291647967,0.1744338137510067,0.1625547999141312,750,103.2360615435808,78.43568292205235,-8.4
-2.488347813874047,1,0.5222097709947134,0.2284067944444295,0.2767144661046673,370,39.02784531432067,68.19194959989491,-2.39
-2.67709946476148,1,0.2028608768489301,0.2002842627197176,0.1120929560930269,304,32.26222217530253,158.6065855279217,-4.44
-2.310848091050232,1,0.2418525497679199,0.2120584831144048,0.2493339745723863,302,26.18620206846865,198.1863700221759,-3.66
-5.366556079663663,0,0.3501006598600223,0.1845537648868849,0.1855153284311843,636,83.97359667480276,93.99211991477254,-6.35
-1.20955707163951,1,0.6615991113248629,0.2721799490905406,0.3505756773553908,256,19.76538044554264,45.61968694207449,-0.6
-1.378038928033184,1,0.29601341433356,0.2350451878756692,0.1635646230777212,190,19.42057892945051,94.88834433479232,-2.68
-1.009127486042054,1,0.3569680113351256,0.259762806028293,0.3680098573746474,188,6.923737199690624,147.0473361272322,-1.64
-1.454197084706216,1,0.5237075856027901,0.2910563814844883,0.2841770600964667,362,30.33183534230805,46.3051415643907,-0.92
-0.3271715729536004,1,0.8051431316296939,0.3315855815233053,0.4266263389608957,180,6.923737199690624,41.88588281781131,0.62
-4.961336103412521,1,0.3673987644860049,0.1886580469084409,0.1946814452908589,598,77.55277505187675,95.67095141131983,-5.84
-10.89774454912772,0,0.1006870810953414,0.222905136009398,0.0994332084091521,3322,116.0093989023251,437.7483604150009,-11.6
-9.43474148549886,0,0.1150618245381007,0.2964905527401483,0.1113392160660509,2746,92.80751912186012,551.165744698002,-9.16
-7.957817988947085,0,0.1222004562948549,0.3218731698397812,0.1159574206318052,2170,81.73837347831831,515.7744305159362,-8.01
-9.43474148549886,0,0.117737990710881,0.2964905527401483,0.0979326235956846,2746,92.80751912186012,537.6019912641298,-9.15
-7.957817988947085,0,0.1233578770365886,0.3218731698397812,0.1024534229653818,2170,81.73837347831831,510.5396516664116,-8.6
-6.462741224544595,0,0.1294195281667908,0.3218731698397812,0.1049700135302241,1594,70.6692278347765,482.4810711209884,-7.28
-8.69824082833265,0,0.1216409600729963,0.3127342457783236,0.116739316251306,2458,87.27294630008922,575.896876157424,-7.92
-8.69824082833265,0,0.1218135145638256,0.3127342457783236,0.1168613387552505,2458,81.2065792316276,574.2801429374904,-8.94
-7.957817988947085,0,0.1308166850911427,0.3218731698397812,0.1240485694924092,2170,69.60563934139509,536.0617695098904,-7.68
-7.212896087369261,0,0.1340632193703934,0.3248341470173868,0.1075443929451113,1882,70.1374335880858,398.2687617050755,-7.21
-7.212896087369261,0,0.1367857201885526,0.3248341470173868,0.1112724026482564,1882,64.0710665196242,514.0957427517678,-7.43
-7.957817988947085,0,0.1325048504061007,0.3218731698397812,0.1079224317284319,2170,69.60563934139509,527.7594801266456,-7.42
-6.462741224544595,0,0.1393815702054962,0.3218731698397812,0.1108641554485293,1594,58.53649369785329,501.3712191637275,-6.47
-1.834132278361068,1,0.1627950229959715,0.1959829226247291,0.0790541768134464,268,34.61868599845312,65.88053783234153,-4.36
-7.957817988947085,0,0.1374338004904095,0.3218731698397812,0.1076656457876622,2170,69.60563934139509,380.8695806675354,-8.56
-7.957817988947085,0,0.1406441050640888,0.3218731698397812,0.1092716138275315,2170,69.60563934139509,496.5236514489131,-8.71
-6.462741224544595,0,0.1474862823549941,0.3218731698397812,0.1144661425232486,1594,52.47012662939168,477.6234999459934,-6.57
-7.212896087369261,0,0.1377486118922047,0.3248341470173868,0.1070219979506563,1882,64.07106651962418,510.3250324027287,-7.32
-2.260742200549686,1,0.1436957015991499,0.1894485821789581,0.0680580705018447,306,34.61868599845312,79.24021908164079,-4.74
-2.683154700395046,1,0.1280945608258008,0.1839387808536961,0.0606099794708166,344,41.03950762137913,100.3253346801695,-5.05
-6.462741224544595,0,0.133965871049354,0.3218731698397812,0.1023335173607637,1594,58.53649369785329,384.7206087684656,-7.39
-1.249235888550464,1,0.6210718512255659,0.2539707371322467,0.329607331943095,294,20.77121159907187,41.20581795426302,-1.04
-1.776206112453347,1,0.1935592325455779,0.2039115135379551,0.080271569769248,230,34.11577042168851,64.80716687363098,-3.55
-2.207932278361068,1,0.1682514435602178,0.1959829226247291,0.0699662447138138,268,34.11577042168851,96.31805923906282,-4.36
-1.675207038575199,1,0.5731571451697945,0.2398021753972368,0.3041787937878213,332,27.19203322199788,26.54896724144547,-1.52
-0.8182970716395099,1,0.6768610986477239,0.2721799490905406,0.3592049785013197,256,20.77121159907187,38.15011707567417,-0.4
-4.942565986107159,1,0.1386650634207943,0.2964905527401483,0.1058475959666095,1018,59.60008219123469,384.5238034795363,-5.27
-7.957817988947085,0,0.1238327826368213,0.3218731698397812,0.119706298214386,2170,75.6720064098567,507.2028997428657,-7.82
-8.69824082833265,0,0.121123863711418,0.3127342457783236,0.1138631867612175,2458,87.27294630008922,452.0919311727193,-7.66
-7.957817988947085,0,0.1306209388959745,0.3218731698397812,0.1239091399566663,2170,75.6720064098567,533.3171239928101,-7.39
-7.212896087369261,0,0.134988081264276,0.3248341470173868,0.1256095377574647,1882,70.1374335880858,520.2191882207088,-7.8
-7.212896087369261,0,0.1143830362914699,0.3248341470173868,0.1129559801708142,1882,88.33653479347062,432.0340206261194,-7.92
-6.462741224544595,0,0.1418523612576466,0.3218731698397812,0.108600663809853,1594,52.47012662939167,498.3126798468901,-7.25
-4.142474779053211,1,0.6105294649579905,0.4697142679211166,0.3535455263390345,1438,46.40375956093006,42.53529015860374,-3.15
-4.142474779053211,1,0.5964033735080256,0.4697142679211166,0.346486135660747,1438,46.40375956093006,44.2456276840563,-3.1
-5.706395213239922,0,0.1377874836788724,0.3127342457783236,0.1094759250695673,1306,59.06828794454399,507.5257134934197,-6.29
-5.706395213239922,0,0.1377874836788724,0.3127342457783236,0.1094759250695673,1306,59.06828794454399,510.1810625350665,-6.26
-3.371932386945561,1,0.6299407074423674,0.4799048446968728,0.3647442437731538,1150,34.80281967069755,38.03043371650026,-2.67
-1.904402200549686,1,0.1419656510987657,0.1894485821789581,0.0692980377044448,306,34.61868599845312,68.22491207922272,-4.8
-4.142474779053211,1,0.5949507097660268,0.4697142679211166,0.345668800181583,1438,46.40375956093006,35.44065302318912,-3.37
-5.706395213239922,0,0.1457034352903721,0.3127342457783236,0.1115434489631477,1306,46.93555380762077,483.969983305002,-6.01
-3.371932386945561,1,0.6536304201744504,0.4799048446968728,0.3785029701688185,1150,34.80281967069755,37.10101785533509,-2.67
-3.371932386945561,1,0.612197026048242,0.4799048446968728,0.3556607311129006,1150,34.80281967069755,30.8816178045606,-2.64
-3.185244527480251,1,0.3356540306521244,0.5447784053454194,0.3754811885970568,974,29.26824684892664,140.3748036996581,-3.48
-2.590197482151151,1,0.6451615189124892,0.4697142679211166,0.3735558807298145,862,29.26824684892664,38.01037268530844,-1.3
-1.431998410308724,1,0.2496861114769331,0.2386085007312413,0.1407988061118681,226,24.30408042733553,109.2773123032665,-2.4
-1.419866112453347,1,0.1840489559532773,0.2039115135379551,0.088200629140265,230,27.6949487987625,63.66353135403337,-3.65
-3.924463749587873,1,0.1131418384040378,0.2181042919855316,0.1160533738185404,444,36.39820241076966,141.3539158641129,-4.72
-1.851592278361068,1,0.1658870858858956,0.1959829226247291,0.0770315040742646,268,34.11577042168851,90.57053730126783,-4.28
-2.277339294370529,1,0.5799508554277825,0.3066199320064434,0.1863911205000957,310,6.06636706846161,32.75554450649542,0.38
-5.706395213239922,0,0.1458825473945684,0.3127342457783236,0.1116509623253562,1306,46.93555380762077,483.375773211843,-6.27
-5.706395213239922,0,0.1458825473945684,0.3127342457783236,0.1116509623253562,1306,46.93555380762077,479.8645690480766,-6.25
-3.371932386945561,1,0.6564847878898402,0.4799048446968728,0.3801122544450771,1150,34.80281967069755,39.11074993058853,-2.21
-5.706395213239922,0,0.1398491473826589,0.3127342457783236,0.1058931125998978,1306,53.00192087608238,500.5669826901681,-6.14
-3.371932386945561,1,0.6380324795616162,0.4799048446968728,0.3706368639270644,1150,34.80281967069755,31.96353283917957,-2.34
-2.650014956985831,1,0.6402818433616244,0.2707093930310581,0.3698830258630507,400,17.69618562862022,28.80687892717352,-2.05
-2.511241528771634,1,0.1639196777926773,0.4413862457281895,0.1812199187346246,788,0.0,291.1499103095038,-3.22
-2.590197482151151,1,0.6762166038744564,0.4697142679211166,0.391492197868238,862,23.20187978046503,36.2337599404214,-1.55
-1.301407038575199,1,0.5958648705065811,0.2398021753972368,0.3217322119647288,332,13.84747439938125,40.45151392161343,-0.92
-0.9450670385751992,1,0.5814815808134164,0.2398021753972368,0.3117350055057806,332,27.6949487987625,32.18846141472633,-1.22
-1.417438744979885,1,0.5726748362814674,0.2563824720059591,0.2631139644056949,330,27.6949487987625,46.11552599168256,-1.3
-1.851592278361068,1,0.1595104520070797,0.1959829226247291,0.0755105377385032,268,27.6949487987625,98.78229110781604,-4.26
-2.095777084706216,1,0.6583369457532561,0.2910563814844883,0.380083584036378,362,17.69618562862022,32.72876427220616,-1.19
-2.277339294370529,1,0.5812346793945451,0.3066199320064434,0.1866416271311343,310,0.0,34.70749141964257,0.38
-2.344433287716148,1,0.2323304064761851,0.4404545781342905,0.2506469441575123,612,0.0,208.3966097225017,-2.82
-4.942565986107159,1,0.1418978330903694,0.2964905527401483,0.107441441671742,1018,53.53371512277308,490.9333845914079,-5.28
-4.942565986107159,1,0.1418978330903694,0.2964905527401483,0.107441441671742,1018,53.53371512277308,494.37129344709,-5.25
-2.590197482151151,1,0.6282209746796626,0.4697142679211166,0.3649364214446342,862,29.26824684892664,34.5980041058789,-1.79
-3.924463749587873,1,0.1076411695831272,0.2181042919855316,0.1159281295149302,444,47.52510539416365,141.7739751500434,-4.89
-2.095777084706216,1,0.6587236214872128,0.2910563814844883,0.3805363498853777,362,18.19910120538483,28.41403711184518,-1.29
-2.277339294370529,1,0.5831155816636422,0.3066199320064434,0.1447934445754388,310,6.06636706846161,23.84634159925691,0.45
-2.344433287716148,1,0.2331651534267795,0.4404545781342905,0.2515686212164735,612,0.0,169.1767568939655,-3.0
-4.942565986107159,1,0.1345189862416265,0.2964905527401483,0.1027537373358902,1018,59.60008219123469,413.7825586778869,-5.21
-3.704205408096312,1,0.4224430735161537,0.2684920466644632,0.1180372657284053,456,18.19910120538483,35.04297360891766,-1.94
-4.030296457048628,1,0.4359412086963024,0.2524699635978046,0.1708030273016113,564,30.33183534230805,28.95257121176028,-5.17
-3.871231533997496,1,0.1342382826883873,0.2956072966275083,0.1396554282139521,1592,46.2617792402574,124.2426540106446,-4.4
-3.871231533997496,1,0.1342382826883873,0.2956072966275083,0.1396554282139521,1592,46.2617792402574,117.9073345426797,-4.4
-1.509295006940462,1,0.4585548620570902,0.3586342117568435,0.2133356014208903,1340,29.7774182973306,158.7714633233864,-1.59
-3.025339379823798,1,0.1744097252177577,0.3293393139293539,0.1787569066659937,1484,34.12904510333418,93.45892889957022,-2.23
-0.8684923521091479,1,0.8239188779368746,0.3347983891019821,0.3544136499052423,216,6.923737199690624,54.03246495901791,0.52
-0.1608764946738926,1,0.654639258318775,0.3821955428728739,0.3113567003931154,214,6.076020106833881,81.09944187794125,0.32
-1.40493139470886,1,0.4272214100751212,0.2782127046172332,0.2278869650932352,358,13.34455882261663,75.1606414634617,-0.42
-2.042510918824322,1,0.3828614988203446,0.2852838314120776,0.1237532595218857,480,6.923737199690624,136.0816854511768,-2.51
-2.510171518037474,1,0.6579622069275608,0.3858911107998991,0.1819580495568831,612,23.73367402715574,13.37928988385809,-2.46
-4.169437723114048,1,0.1365224289244537,0.2707093930310581,0.1042108999016339,730,60.13187643792539,404.4944271617713,-4.54
-1.630710367802073,1,0.4469252997470567,0.3146849835798619,0.1698564529742827,442,6.923737199690624,143.2631493793704,-1.96
-3.61880722455085,1,0.1745936931028456,0.2956072966275083,0.1335491508610246,656,41.93277523254056,404.1662162738861,-4.14
-1.793472685139788,1,0.6627413666221135,0.4362537855285537,0.3836893467879852,574,23.73367402715574,36.55935094199189,-1.06
-1.19568147350427,1,0.5577131786249433,0.3586342117568435,0.2101993806935488,404,0.0,117.7346440474456,-1.41
-2.753280793417724,1,0.2220241745620075,0.3293393139293539,0.1686595748161056,548,29.80004109561735,279.9234525082704,-3.52
0.7685517117599548,1,0.352545441878477,0.4581460078048338,0.1992249122217504,272,0.0,32.52465784516082,-0.31
-3.422243802004493,1,0.4369159040197206,0.2208765715814557,0.1883494601498928,444,39.02784531432067,96.18364808838314,-3.3
-2.143449294370529,1,0.5470506226079815,0.3066199320064434,0.1758215835791894,310,12.99010426815223,31.79260247347901,0.51
-1.266695888550464,1,0.6121346113866247,0.2539707371322467,0.324622882666823,294,26.68911764523327,28.41946369134979,-1.17
-2.114547813874047,1,0.5255507631712746,0.2284067944444295,0.2787064826885409,370,33.10993926815928,43.94926791466471,-2.11
-1.865516125900935,1,0.4733052622370373,0.2570017431266468,0.2303953577946909,366,26.34431612914114,95.51982846187484,-2.46
-1.382074368801621,1,0.5764176047052474,0.2748250104532309,0.2330606124950444,292,13.84747439938125,80.94176035640712,-1.52
-2.231123257069624,1,0.4790641537852673,0.2420092577908282,0.1937147464050703,368,26.68911764523327,86.67134207957983,-2.13
-3.790573749587873,1,0.1077636526639003,0.2181042919855316,0.1105373381388505,444,49.38830667892189,158.0539550428697,-4.29
-2.921459557103468,1,0.1329100598124369,0.2243071347541535,0.1341650647986312,336,31.18920547353706,124.4178215962655,-3.21
-1.692667038575199,1,0.5738734604130239,0.2398021753972368,0.3069513080540325,332,26.18620206846865,42.07470311392009,-1.55
-2.165038744979885,1,0.5695523771328286,0.2563824720059591,0.2455275273697063,330,19.76538044554264,76.25016784973513,-1.45
-1.266695888550464,1,0.6222582118129625,0.2539707371322467,0.3328311631862012,294,19.76538044554264,41.80092253619334,-0.89
-1.738414368801621,1,0.6336881141219429,0.2748250104532309,0.2731753377280349,292,13.34455882261663,51.13504589405222,-0.8
-1.533915885194523,1,0.3582314312948614,0.4623213485127188,0.2359894349810832,480,0.0,98.52878348257582,-1.947
-0.756072200558386,1,0.6056472518104772,0.4602621146850025,0.362001683880384,298,6.06636706846161,52.42972788627334,1.02
-1.646924360194497,1,0.4366163539256274,0.3586342117568435,0.2139482402132643,2924,36.4383450264493,196.2432051707733,-2.09
-2.968502394121514,1,0.1215001410852429,0.2137135814081428,0.1226687333117977,374,38.11294267322769,135.5184427157902,-3.76
-2.246537239218853,1,0.352381384042546,0.4249662171674903,0.2399011871021071,518,0.0,64.35747927945776,-1.11
-0.9867789280331832,1,0.2919359873178671,0.2350451878756692,0.1876523802411001,190,11.64912463690315,41.67369426692198,-2.56
-1.009127486042054,1,0.273444578942706,0.259762806028293,0.171284653118476,188,24.80699600410014,111.0136076548778,-2.03
-1.360578928033183,1,0.3108058340193433,0.2350451878756692,0.1667043486359769,190,12.49684172975989,100.8612084377844,-2.73
-1.799800500240709,1,0.2668774054228115,0.2202187890038467,0.1431577292253893,228,18.9176633526859,105.4246969418043,-3.03
-2.097087813874047,1,0.5472640488426079,0.2284067944444295,0.2954822857678247,370,26.18620206846865,38.37563052215159,-1.72
-1.675207038575199,1,0.5914520029757017,0.2398021753972368,0.3193405257871617,332,19.76538044554264,38.76881591312905,-1.08
-1.249235888550464,1,0.6434114744563189,0.2539707371322467,0.3473946483923503,294,13.34455882261663,36.8107243553973,-0.49
-0.8928958885504639,1,0.6266288660787194,0.2539707371322467,0.3356780032693336,294,20.77121159907187,46.12523489850939,-0.7
-4.776047009387291,1,0.0947855190380227,0.2084331247347669,0.0977863647026131,552,48.02802097092827,172.9656584205913,-6.96
-0.8182970716395099,1,0.7055655746121532,0.2721799490905406,0.3809424341774804,256,6.923737199690624,36.83570820503983,0.15
-1.355510951241084,1,0.2231226257680803,0.2138199372254135,0.1017047918709227,192,27.19203322199788,59.60836218542166,-3.18
-0.83575707163951,1,0.6667449896917566,0.2721799490905406,0.3535735604000385,256,20.26829602230726,41.08663259358342,-0.47
-2.652002200549686,1,0.1447026373220146,0.1894485821789581,0.0657353434093941,306,46.4544980907759,101.3812309793757,-5.08
-3.374683142236925,1,0.1178307524238321,0.2272977056294367,0.1208435302390538,406,48.02802097092827,135.9294155147329,-3.77
-1.793666112453348,1,0.1893606834370442,0.2039115135379551,0.0860349334722022,230,33.61285484492389,57.88560473072013,-3.74
-1.266695888550464,1,0.611853477327429,0.2539707371322467,0.324464851227262,294,20.26829602230726,46.00587571476525,-1.11
-4.776047009387291,1,0.0949636829194482,0.2084331247347669,0.0973934683734579,552,60.16075510785149,166.6708537283681,-5.84
-1.537746293467495,1,0.6778551708034818,0.3179455553999495,0.3913519429860102,324,18.19910120538483,37.07379051162954,-0.62
-0.3986061027898509,1,0.7320747417140312,0.2966396176163633,0.3882069297939438,218,13.84747439938125,37.84955292097905,0.1
-0.908933202819753,1,0.2636462680271478,0.2266982160150638,0.1230422887668572,154,20.77121159907187,52.50714374131746,-2.55
-0.9125627810523284,1,0.3678224039639666,0.2561521449303205,0.1967206906513688,152,5.573104530069267,84.90547250889439,-2.33
-2.494347345680769,1,0.2660256556944799,0.3788573220538973,0.1929066251732328,454,0.0,77.35966859110692,-0.12
-0.7800503492862519,1,0.806814958623742,0.2995481027607745,0.1279649153323915,254,0.0,24.62743137235833,0.11
-2.414367207728932,1,0.5938433980557437,0.2910563814844883,0.3426583989387089,432,30.33183534230805,52.48361701013052,-2.28
-0.61038594980076,1,0.5,0.4510762136412372,0.3919595960068717,292,0.0,87.3180417497123,-0.62
-2.53298416866862,1,0.4966396010485495,0.2190038024377395,0.2656407478152635,408,39.02784531432067,59.75945508870203,-2.74
-3.006361383441806,1,0.4736863074175835,0.2304353231482173,0.2042007614318022,406,32.60702369139466,90.26597098506076,-2.58
-2.114547813874047,1,0.5324704505000045,0.2284067944444295,0.2848058196763101,370,32.60702369139466,53.29762717571634,-2.09
-2.587463257069624,1,0.5172145667691995,0.2420092577908282,0.2229652972856045,368,26.18620206846865,87.45112773039428,-2.05
-0.83575707163951,1,0.6795633565479863,0.2721799490905406,0.3634821550241936,256,13.34455882261663,50.08881922276358,-0.29
-1.306670349286252,1,0.7145114903739487,0.2995481027607745,0.3079927445879834,254,6.923737199690624,43.53207868016995,-0.19
-1.586094091677891,1,0.4452791413032653,0.3148974294721927,0.1905586698939339,426,18.19910120538483,22.64109602647662,-0.7
0.0466284270463995,1,0.833835955215961,0.3315855815233053,0.4456429997164446,180,0.0,32.70253357760218,0.43
-0.8213004573143579,1,0.5410630549966187,0.4251933749127961,0.3336145093646136,264,0.0,14.51046181751479,1.07
-3.361384423339641,1,0.4377285869972322,0.2043036956747015,0.2341306431153815,484,51.8694885601727,43.57337540804814,-2.94
-1.249235888550464,1,0.6215543622312222,0.2539707371322467,0.3293746965412172,294,20.77121159907187,62.7555262945136,-0.5
-0.875435888550464,1,0.6368388769860478,0.2539707371322467,0.3411492231880461,294,20.77121159907187,34.29437345686923,-0.62
-1.347154368801621,1,0.6450606145211832,0.2748250104532309,0.2900335242410511,292,20.77121159907187,57.44688129507416,-0.72
-2.207932278361068,1,0.1673931632528679,0.1959829226247291,0.0694567075936343,268,40.53659204461451,75.92537853780235,-4.23
-3.185244527480251,1,0.3602933237408885,0.5447784053454194,0.3773280765782913,974,23.20187978046503,133.3928531492113,-3.2
-2.590197482151151,1,0.6956083037558123,0.4697142679211166,0.4014065227178709,862,23.20187978046503,43.35914981660916,-1.25
-2.095777084706216,1,0.6582559351626825,0.2910563814844883,0.3798157236996657,362,6.06636706846161,46.07427066690188,-1.38
-2.277339294370529,1,0.5781238559192324,0.3066199320064434,0.1842489602034638,310,0.0,42.36894468801006,0.36
-4.942565986107159,1,0.1327286375611698,0.2964905527401483,0.1035886902116224,1018,59.60008219123469,473.7600141506121,-6.39
-2.590197482151151,1,0.7218766437904729,0.4697142679211166,0.4166108381841827,862,23.20187978046503,45.55590460380666,-1.34
-2.095777084706216,1,0.6577345216219558,0.2910563814844883,0.3795227162451894,362,6.06636706846161,48.97877880360578,-1.4
-2.277339294370529,1,0.5756180261663633,0.3066199320064434,0.1836073311568572,310,6.06636706846161,44.22579273840105,0.38
-4.634804247833502,1,0.1789487476912773,0.2802489264434521,0.1322628780390485,1094,67.58740788430673,58.21199012755584,-5.071
-2.510171518037474,1,0.7071250279363731,0.3858911107998991,0.1706119499988583,612,17.66730695869413,28.010465180102,-2.78
-4.169437723114048,1,0.138806925261186,0.2707093930310581,0.1061748876910711,730,54.06550936946378,504.1497318278909,-4.88
-1.793472685139788,1,0.7112258700816869,0.4362537855285537,0.4104172495224471,574,17.66730695869413,42.11234304102659,-0.7
-1.292750429752783,1,0.612223623051183,0.5529201095237967,0.1956599245629304,450,0.0,90.71051984971764,-0.29
-3.843037522559149,1,0.1873384178924743,0.2997901917861386,0.1384005673370243,1018,60.6636706846161,54.71000225523111,-4.47
-1.675207038575199,1,0.5917521287486586,0.2398021753972368,0.3199910591534993,332,20.77121159907187,36.87190892203932,-0.85
-1.692667038575199,1,0.5734909673348976,0.2398021753972368,0.3069834010854732,332,26.68911764523327,40.78705366894051,-1.47
-5.81676757654515,1,0.1680875090042656,0.2570059974321865,0.1242352591987021,1208,86.84987275308477,16.45974913625294,-6.301
-1.266695888550464,1,0.6218540801183579,0.2539707371322467,0.3328714857445551,294,20.26829602230726,43.64816616959406,-0.8
-1.738414368801621,1,0.6345337902467393,0.2748250104532309,0.2797136195225541,292,13.84747439938125,52.9166666836848,-0.83
-5.423480725510853,1,0.1715526645141766,0.2640696075363272,0.1267963923566889,1170,80.42905113015875,69.51836035136213,-5.886
-1.431998410308724,1,0.3281036344542647,0.2386085007312413,0.12647230917306,226,13.84747439938125,51.04786705385587,-1.99
-1.004238928033183,1,0.3025217022903986,0.2350451878756692,0.1683960130164125,190,19.92349450621513,104.4040337309697,-2.73
-0.4619570716395099,1,0.6852853914600048,0.2721799490905406,0.3668162071747636,256,13.84747439938125,33.82738099561691,-0.18
-0.9328703492862518,1,0.7191697734620711,0.2995481027607745,0.3163579732262028,254,13.84747439938125,49.19554070614423,-0.12
-1.266695888550464,1,0.6125421874137876,0.2539707371322467,0.3245899399616177,294,20.26829602230726,39.794992886966,-0.72
-1.266695888550464,1,0.6125421874137876,0.2539707371322467,0.3245899399616177,294,20.26829602230726,62.72074115374779,-0.71
-1.364614368801621,1,0.6349775662197266,0.2748250104532309,0.2798943206101894,292,13.84747439938125,57.92999094931226,-0.67
-2.097087813874047,1,0.547292113660097,0.2284067944444295,0.2957273637158223,370,26.68911764523327,32.93547891463793,-1.6
-1.675207038575199,1,0.5915263604723827,0.2398021753972368,0.3196290303813377,332,20.26829602230726,33.90959138288232,-0.98
-1.249235888550464,1,0.6436958022191178,0.2539707371322467,0.3478086818208356,294,13.84747439938125,37.64106294088482,-0.36
-0.83575707163951,1,0.6670009807654028,0.2721799490905406,0.3534478298352257,256,13.84747439938125,29.41264613787252,-0.51
-7.000855007875503,0,0.0788797370031133,0.1894223157421229,0.0817708510582568,772,54.09438803938988,207.2445158911892,-7.92
-2.652002200549686,1,0.1448569748197316,0.1894485821789581,0.0664100278641073,306,46.45449809077591,124.9199394298551,-5.16
-2.877092310839793,1,0.5669595430554647,0.2930465894326879,0.2606788591526695,382,18.19910120538483,15.50789325475422,-2.42
-1.793666112453348,1,0.1889076125201962,0.2039115135379551,0.0869131227217914,230,33.61285484492389,73.90612430431894,-3.68
-1.537746293467495,1,0.6773215374468229,0.3179455553999495,0.3908163629036553,324,12.13273413692322,47.25294419393389,-0.68
-2.114547813874047,1,0.5321139734625049,0.2284067944444295,0.2848347528612208,370,33.10993926815928,30.80255991877113,-1.98
-6.209403165874042,1,0.1647595764989643,0.2505213501954415,0.1217755490165429,1246,93.27069437601078,20.99026874444883,-6.523
-0.83575707163951,1,0.679319819632328,0.2721799490905406,0.3636219979518837,256,13.84747439938125,44.36794585055561,-0.24
-1.306670349286252,1,0.7194839362989621,0.2995481027607745,0.3165144476073425,254,13.84747439938125,42.1533554741906,-0.28
-5.029506244256361,1,0.175164375210666,0.2717883404932301,0.1294658457149596,1132,74.00822950723274,19.2648136962735,-4.678
-4.239330839610031,1,0.1830588983009402,0.2895482359815839,0.1352984765113525,1056,67.58740788430673,40.07392875923387,-4.907
-4.942565986107159,1,0.1433101589846139,0.2964905527401483,0.1085096229369343,1018,47.46734805431147,490.8608608589362,-6.56
-2.064274491012542,1,0.740877080324995,0.4362537855285537,0.4274801158711385,1510,15.92994389794935,41.78487019503861,-1.09
-3.025339379823798,1,0.1646485242713004,0.3293393139293539,0.1795418533610926,1484,33.62612952656956,90.10402835025516,-3.19
-2.510171518037474,1,0.7118918915893074,0.3858911107998991,0.1697629772818981,612,11.60093989023252,21.96390228267937,-2.78
-1.793472685139788,1,0.7159332888435369,0.4362537855285537,0.4130881159098169,574,11.60093989023252,44.17752743019739,-0.7
-2.753280793417724,1,0.22350667499071,0.3293393139293539,0.1691988399733294,548,29.29712551885273,316.0444631112013,-3.08
-2.921459557103468,1,0.1312823417649482,0.2243071347541535,0.1340152475735792,336,36.75265696523406,118.9426338228845,-3.11
-1.692667038575199,1,0.573350025094841,0.2398021753972368,0.3069164643162152,332,26.68911764523327,48.36428036712771,-1.4
-2.165038744979885,1,0.567521049410725,0.2563824720059591,0.2506833626252266,330,13.84747439938125,39.14791285103706,-1.3
-3.207794118212919,1,0.3642859634978699,0.2495112497836532,0.2102628258346647,578,32.25256913693026,88.49090154354802,-2.59
-0.756072200558386,1,0.6544865329079852,0.4602621146850025,0.3777233894420183,298,0.0,45.34686420859369,1.02
-2.968502394121514,1,0.1156098442198474,0.2137135814081428,0.1225388073487664,374,43.67639416492468,114.4288721894418,-3.77
-2.246537239218853,1,0.3491156738852882,0.4249662171674903,0.178189598754271,518,0.0,44.00675536941515,-1.11
-0.8928958885504639,1,0.6270890606397844,0.2539707371322467,0.3354244191861159,294,13.84747439938125,38.43734106939409,-0.8
-1.364614368801621,1,0.637515098591351,0.2748250104532309,0.2753778305408354,292,13.84747439938125,72.59276121189384,-0.74
-3.931831649210435,1,0.096085736465682,0.2150896787446935,0.0971795977758754,480,60.16075510785149,183.6555618615399,-4.62
-1.266695888550464,1,0.612262873064004,0.2539707371322467,0.3244329816133888,294,13.84747439938125,60.96923083073283,-1.14
-2.494347345680769,1,0.2605848858572321,0.3788573220538973,0.1891834815674618,454,0.0,48.59991781962002,-0.466
-2.185487069585608,1,0.2762125756015278,0.4063781497623218,0.2277507566915237,586,0.0,9.448860428068343,-2.692
-0.8594803492862518,1,0.6091465574798365,0.2995481027607745,0.3227914617148763,254,6.076020106833881,57.53063937988853,-0.15
-2.816750206881149,1,0.1620077392757728,0.3199460293301641,0.1917504809454989,702,18.57286183659377,20.73131934270752,-2.253
-2.847115614574812,1,0.1574576478228724,0.3046475243956619,0.1863715122874982,740,25.49659903628439,34.37318793338431,-2.593
-2.456218316120245,1,0.1575050239303123,0.3535406625215835,0.1864283343898794,662,12.15204021366776,43.59871328032425,-2.077
-2.400795550226759,1,0.1688121042487659,0.3229970667749929,0.1998101782120942,666,27.6949487987625,30.03362911989342,-2.766
-1.508072832728271,1,0.1932850701822333,0.4267834774775182,0.2287453798374114,514,0.0,33.97841504739236,-1.742
-2.456536625930476,1,0.6059495626562461,0.2672297156616445,0.3496349165263905,436,6.06636706846161,49.98228338490122,-1.99
-6.688797245792665,0,0.077538828722553,0.1917002779656824,0.0792243863482686,736,60.6636706846161,203.516503473698,-7.01
-2.394962661802205,1,0.1678413462670263,0.3592762901800849,0.1986550687363247,626,12.9997573065245,33.90359356481266,-1.614
-2.428524214978162,1,0.1629628004805312,0.3379033356379088,0.192887571485969,664,19.92349450621513,21.26618492463975,-1.708
-1.985742307142553,1,0.1735691151074379,0.385111641700118,0.205427310961332,588,6.076020106833881,37.83807005670933,-1.16
-3.365289124362623,1,0.1477941460867903,0.3350836479198553,0.175127543295205,770,36.40785544914193,36.91016602062705,-2.369
-3.180054046202029,1,0.1632026179246183,0.3070203159882776,0.1931573691188475,704,20.77121159907187,20.18629662714,-2.658
-2.367485352206908,1,0.1740515881565774,0.3418776106000334,0.2060046134012974,628,20.77121159907187,35.88954164369232,-2.148
-3.30748232333942,1,0.1568660393947751,0.3413328137153022,0.1858699429342679,734,37.25557254199867,32.59357664959645,-2.322
-1.557362519469581,1,0.2400700499718668,0.6105285271744351,0.2510193532052423,454,0.0,29.22798741486736,-1.077
-2.194275933920694,1,0.5254604398533248,0.3580911800209697,0.3036502767233897,444,6.06636706846161,50.37882653053349,-2.54
-1.921360053268767,1,0.1862058117751947,0.3922416168642852,0.2203749297425899,552,6.923737199690624,35.95954239886016,-1.228
-6.152507296609523,0,0.0796228653742804,0.1949443613783868,0.0816891620956199,698,66.73003775307771,189.8823413298049,-6.59
-1.393566751529678,1,0.3326616118810416,0.4372498057655702,0.3006377167601389,398,0.0,32.98965155308893,-1.458
-3.006361383441806,1,0.4718237804038442,0.2304353231482173,0.2084448125608199,406,26.68911764523327,85.2027277037895,-2.58
-5.406354497849829,1,0.3793257988525435,0.2302227102387761,0.1488283755796228,710,60.6636706846161,27.80337958870086,-6.2
-2.194275933920694,1,0.5524072974149383,0.3580911800209697,0.318750279268101,444,6.06636706846161,54.90271809714854,-2.16
-2.246537239218853,1,0.3492987205030024,0.4249662171674903,0.1690841356159045,518,0.0,52.08437440582549,-1.139
-6.152507296609523,0,0.0796196994432102,0.1949443613783868,0.0817143020297535,698,66.73003775307771,204.7250394375864,-6.57
-6.688797245792665,0,0.0775342804729811,0.1917002779656824,0.0792047951935695,736,60.6636706846161,202.3097087990261,-7.02
-2.246537239218853,1,0.3495004759228753,0.4249662171674903,0.1701588407356016,518,0.0,52.83392297477128,-0.91
-2.494347345680769,1,0.260395738871858,0.3788573220538973,0.1890151898553862,454,0.0,78.21069156357798,-0.854
-2.194275933920694,1,0.5156549312826114,0.3580911800209697,0.2990057962639896,444,18.19910120538483,53.32850162903423,-2.42
-5.317801426583079,1,0.0921124717084104,0.2031411975791201,0.0940787088445808,590,48.53093654769288,176.4462401970421,-6.57
-3.814541605407488,1,0.4886049450206315,0.2547379046905644,0.2827162319757671,578,48.53093654769288,47.95883969101094,-4.73
-4.776047009387291,1,0.0950348771420412,0.2084331247347669,0.0980444042444039,552,48.53093654769288,176.9861909416761,-5.89
-4.106559572810953,0,0.1766295180157244,0.3384682849492893,0.1580474670792814,2198,11.76188494939112,67.28286821649071,-6.237
-3.699454447047865,1,0.1218688594384761,0.222905136009398,0.124986461710059,442,36.39820241076966,137.6283834028408,-4.63
-3.22987012662429,1,0.1215261661742287,0.2246568136113272,0.1253372016355285,440,48.55024262443742,130.0465175751482,-3.96
-0.9113698624071436,1,0.2629615351274834,0.4681289526146632,0.2996161951191508,876,11.38172479611316,57.70734072121213,0.54
0.3208631537765057,1,0.5729703730187962,0.5229596049593027,0.3311398255498235,190,0.0,36.29085077398019,1.58
-1.99573941173124,1,0.3790169038454361,0.3491646673058536,0.2563805554233918,410,18.19910120538483,6.095765150480688,-1.33
-0.8836993393282091,1,0.1989879304165551,0.5259030199476817,0.1765630462287565,1050,11.33678587793474,26.98423045130331,-2.36
-0.1050189455064107,1,1.0,0.5644754678724236,0.295556674716458,124,0.0,58.14501718658651,0.26
-1.92681146475785,1,0.5046537126523355,0.3092219987250089,0.2729617848177258,360,30.33183534230805,81.8611560350385,-1.28
-3.248600618292964,1,0.2313876335090657,0.3526310464258353,0.1444380884947439,1078,5.156663257125445,86.16657263507429,-3.59
-4.011857651918642,1,0.3482643991817427,0.2634215355330259,0.099677659512261,526,36.39820241076966,43.98119158259239,-3.67
-0.0866281793474191,1,0.7044232911917763,0.4685463540765222,0.3344051428761337,176,6.578935683598497,64.23972260991502,0.57
-0.2134402302505839,1,0.6856296104694293,0.516078542239789,0.3214094159283225,160,6.578935683598497,85.27330924692231,0.15
-1.472358863853532,1,0.2784187975344851,0.4056838710822129,0.1328954339509867,430,0.0,62.00661623423053,-2.12
-4.061784409951408,1,0.2326756863260978,0.2305508189861411,0.1206433880960991,900,19.42057892945051,109.1783025854763,-3.48
-4.366351025239022,1,0.2521077883207155,0.2892355554020574,0.1685727100623453,990,32.04657560476608,28.84881203787146,-3.26
-2.552498651623018,1,0.1877261987748616,0.2326836389366617,0.1006957188047618,1104,12.49684172975989,42.203807677893,-3.85
-5.391961277265739,0,0.1313913606825776,0.3247004538871336,0.1999528209817508,2174,58.55579977459783,335.6384774935565,-6.307
0.0103144252160455,1,0.1747001011692075,0.478107685767801,0.1605201234856549,538,0.0,86.32945741074906,-1.6
-1.700154208137768,1,0.3705010201182052,0.3714698979969298,0.1264041979145587,802,22.94593819005448,104.0909894261874,-0.83
-1.739429504408073,1,0.2515592104450293,0.4820243404889351,0.2103929094667801,444,0.0,27.55293312238672,-2.266
-0.6226834675724673,1,0.173865476884961,0.5350950905814503,0.2057221524680213,500,0.0,241.2228555869284,-1.25
-0.4615851925521903,0,0.1079939764911984,0.4148683683592505,0.0960328788071563,1002,0.0,113.732033680712,-1.99
-1.619730137895786,1,0.2208842452528971,0.2845478281060806,0.147112267883991,636,0.0,1.355895895106103,-3.364
-3.504136584777518,1,0.2371361648613448,0.3148385388207913,0.1527181937407025,842,11.76188494939112,29.86023716192165,-3.04
2.138833535268072,0,0.0861838692761109,0.2714151481516333,0.0461720621486034,1500,30.33183534230805,209.8792624679881,-0.77
-2.575956396700409,1,0.2803568936942773,0.309456383127429,0.2813719089414662,638,0.0,52.85582989678781,-2.36
-2.144891164071779,1,0.2633786621982282,0.292681799316134,0.208840491588403,696,18.19910120538483,0.0,-0.364
-0.553266660919497,1,0.5282482815329421,0.55583362792012,0.252666956138412,466,0.0,36.36648233795879,-0.36
-5.457260390387368,1,0.2323935661968577,0.2331775331655262,0.0743121046814257,854,35.39237125724043,0.5523192764264274,-5.47
-0.2420582882400452,1,0.3789640989464331,0.4581460078048338,0.2467713087591764,272,0.0,53.9098785276456,0.522
-3.180054046202029,1,0.1632026179246184,0.3070203159882776,0.1931573691188474,704,20.77121159907187,27.39568827968999,-2.468
-1.673196330705577,1,0.2741935727951679,0.3245888471413928,0.2054823691749756,620,18.19910120538483,25.74659017742196,-0.624
-3.314748001122422,1,0.307146412001125,0.2947866563924141,0.1309984666937558,782,12.13273413692322,52.06715083918638,-2.596
-4.178778802271463,1,0.2666058013606953,0.2150555425583726,0.1383425851407696,838,19.42057892945051,149.2932220340367,-3.69
-3.501307414406897,1,0.3068568605175654,0.2052459260896787,0.1642668708753077,842,13.84747439938125,92.48420095600386,-4.402
-2.376006625930476,1,0.5797335930294769,0.2672297156616445,0.1381748089836896,436,24.28477435059098,31.30935689989016,-3.13
-1.189303420893227,1,0.6044660775237294,0.3403508251315999,0.2368203952647502,272,18.19910120538483,22.29624186629647,-0.41
-3.455880681573642,1,0.1971103490275953,0.3631479786260851,0.1496659152604624,1754,22.98266468634568,90.59722378425336,-4.432
-1.701736293467495,1,0.6938979238553065,0.3179455553999495,0.1653248172183364,324,18.19910120538483,5.316206002896731,-1.85
-4.232376159766473,1,0.0981326272997523,0.2137135814081428,0.1012391778878548,514,48.53093654769288,168.5105205588895,-6.35
-4.03808472318568,1,0.2817374504825654,0.2793200880747561,0.1894242050892944,640,48.53093654769288,120.2213216240065,-5.19
-1.876755057809144,1,0.2722673054556553,0.3202493744030662,0.258670822872022,570,18.19910120538483,8.32862719720649,0.715
-2.982736720324265,1,0.1872862190609976,0.2915910804261086,0.1409396582144788,920,19.41092589107824,0.4568958569457486,-3.538
-5.755612411009769,0,0.2740397689139433,0.2571905950802412,0.1595406420182906,1292,47.99914230100217,48.72036816611867,-5.931
-3.133234048135712,1,0.258591364076609,0.3148385388207913,0.1785962391735421,650,0.0,77.89222189234445,-2.084
-3.621884537948086,1,0.2486417767892479,0.3394599760991433,0.1603471441779724,836,0.0,27.35999856190888,-3.85
-3.353825597522968,1,0.287589356231759,0.3799390497821361,0.1951827546969254,1130,23.36282483962363,2.82666172836011,-1.716
-3.496392828076545,1,0.187349518553032,0.288990632009699,0.1065771237835508,540,36.39820241076966,46.93018771211614,-4.45
-0.7666246439405469,1,0.2249096708246246,0.3717655015172633,0.290974099858691,860,0.0,52.83961574538528,0.651
-3.661003666696968,1,0.3002631233102422,0.3920305028100787,0.2837121776811592,1160,29.50817559640542,60.1015780899708,-4.37
-2.33234469704157,1,0.1796287469164128,0.3645415835808113,0.2125982783201808,590,13.84747439938125,26.91507843083694,-2.4
-4.685466952937578,1,0.1470013660594115,0.4017284762910666,0.1669080340004183,1712,30.33183534230805,29.97843109938942,-3.59
-4.695777234766082,1,0.1721274719566008,0.3711974984483528,0.1987580121166718,1130,13.34455882261663,0.0,-5.53
-3.884484427160828,1,0.1854839231652636,0.2722721583152493,0.163377828548762,1424,12.13273413692322,56.04800067287297,-4.71
-4.479541126346632,1,0.2893188912491998,0.3345549143246322,0.2302525978724645,3400,30.33183534230805,13.16152645484983,-4.21
-3.204080153784406,1,0.1960087977161983,0.3154027243171242,0.1789598842409042,910,25.47729295953985,94.10047791677025,-4.883
-3.80977162564847,1,0.1792072107310085,0.325468751361944,0.1390144783099123,1826,29.58082600149799,27.48508622333971,-4.2
-1.519528125125393,1,0.5077912247654761,0.3403508251315999,0.254918064639622,322,30.33183534230805,87.95954618320012,-1.19
-1.182034944233226,1,0.39770883991128,0.3858911107998991,0.2699932243278931,372,18.19910120538483,44.91426345455525,-0.96
-1.364304252980212,1,0.1666666666666667,0.2789429456511299,0.1666666666666667,222,36.39820241076966,98.08435745300729,-1.64
-2.874118949194879,1,0.3797501153192795,0.2543638156235023,0.2092841037351359,544,60.6636706846161,58.94650494890349,-2.55
-2.687974282519597,1,0.188215027767127,0.3567265761093988,0.2097916005535707,832,35.31581386325526,264.8148137749578,-2.81
-5.354963534134187,1,0.0885195773510694,0.2014106951529819,0.0899738409499349,624,60.6636706846161,188.4116599980005,-6.68
-6.446629430587615,0,0.0817349545242954,0.190886800584993,0.0843248173305743,732,66.73003775307771,190.7561360319498,-8.699
-6.446629430587615,0,0.0818724299620131,0.190886800584993,0.0844963568499548,732,66.73003775307771,193.8982990129231,-8.23
-5.354963534134187,1,0.08840797861393,0.2014106951529819,0.0907655351056193,624,54.59730361615449,181.9692719970149,-8.04
-6.446629430587615,0,0.081843882724774,0.190886800584993,0.0836242707013812,732,72.79640482153933,205.5115220833567,-7.8
-6.446629430587615,0,0.0818730189037318,0.190886800584993,0.0836530601709861,732,72.79640482153933,193.3198301138137,-8.0
-6.446629430587615,0,0.0817358540443095,0.190886800584993,0.084353483893476,732,60.6636706846161,191.0430579888964,-8.49
-7.274652131322883,0,0.0809106679255764,0.1841128694410983,0.08347890358148,804,72.79640482153933,207.2979316780991,-9.018
-1.905416877309766,1,0.3541149051999237,0.3408131113968053,0.2585529466679396,512,0.0,21.95909432228196,-2.616
-2.829451991582596,1,0.2996631538351807,0.2695528851729821,0.1668017768377053,644,60.6636706846161,108.063706532244,-2.85
-1.652191822365822,1,0.4135684620220493,0.350157791839107,0.2129958285722426,306,18.19910120538483,140.6969043308245,-1.0
-3.348507465499202,1,0.3342924145324377,0.2609445436038969,0.2229878856187113,542,60.6636706846161,100.5059382175451,-3.12
-2.180540890734355,1,0.4330233959611612,0.4135200051928959,0.1699098807369202,562,12.13273413692322,40.26329359761552,-1.5
-1.882297781378852,1,0.3999931788268276,0.4020163673160596,0.2981453088920528,368,17.34611923257809,26.25983286843982,-0.78
-2.106628780862065,1,0.5357303593615352,0.4135200051928959,0.2192275029845312,370,12.13273413692322,43.70102634245321,-1.16
-2.619390793417724,1,0.2662361020221473,0.3293393139293539,0.1371236250511734,548,30.33183534230805,255.3348820100804,-2.39
-2.504427216735423,1,0.2119031133638727,0.3854275064423053,0.530479223137889,500,30.33183534230805,175.8179847348732,-2.51
-1.667833922050334,1,0.2781213439525,0.3579776942245339,0.2467080576270796,460,30.33183534230805,49.22760480640744,-0.95
-4.582358433809272,1,0.1532732653356349,0.2290041109621078,0.1043244604769333,1474,38.84115785890103,4.649403402450959,-4.71
-4.209226444577379,1,0.0828176856262502,0.2080145976765095,0.0832325051728016,518,60.6636706846161,205.9474952068287,-4.62
-3.384314447047865,1,0.0994975852050603,0.222905136009398,0.1006143879872558,442,60.6636706846161,171.6596264975626,-4.345
-5.70820771624587,1,0.2277287389867506,0.2495112497836532,0.0826781192864592,758,48.53093654769288,40.11188620426099,-5.4
-1.906195607248686,1,0.528313435157089,0.2314252028779518,0.2832815983844185,442,20.77121159907187,41.6961333280999,-2.32
-3.11182505890349,1,0.2403257395970015,0.3719130028712083,0.2543997283820787,1788,6.923737199690624,27.32757776228738,-2.523
-8.582342265507409,0,0.1925362147297724,0.2369718865736799,0.1304955837978431,2584,94.79271578795029,72.06597752195432,-4.445
-2.478313352247709,1,0.1877259404007975,0.3696025301680662,0.1915573627391138,1446,34.12904510333418,87.83620033850234,-2.55
-1.714583554173917,1,0.6030679280770066,0.8277293767706428,0.4106571558499997,1552,15.92994389794935,120.3263834767011,-0.89
-2.003197444955271,1,0.3880599205467065,0.8277293767706428,0.6771060682462109,1840,39.13182367841438,171.9718760683213,-1.54
-1.459196529827769,1,0.6263110616947762,0.4329316468984661,0.2580826615072736,1302,22.85368109763997,130.0499463574079,-1.09
-1.030790583239746,1,0.9192729726319891,0.5904362833084089,0.3333333333333334,1264,15.92994389794935,96.59782661346202,-0.79
-4.345056503644125,1,0.334105237493297,0.5024051678580502,0.3001715953737893,2772,23.20187978046503,11.41754747166902,-6.09
-5.289736101795606,1,0.2800496245770903,0.2967561934328374,0.2113821948282494,3270,56.12535606974514,0.4490564899193226,-4.93
-3.308410736586619,1,0.5990540760620222,0.5045984773991835,0.3474275664514767,2818,0.0,32.71374809119641,-3.33
-2.838154217518803,1,0.2987771443210594,0.4043346616529444,0.2166540975125724,1804,18.19910120538483,41.74305533492394,-3.127
-4.243078687237859,1,0.1891952721883962,0.3084718163122939,0.2058914138484803,1136,13.34455882261663,28.94627851944876,-4.16
-2.774595550226759,1,0.1684351843448941,0.3229970667749929,0.1993572467540074,666,27.19203322199788,38.99138035001278,-2.39
-4.494356795774824,1,0.2765759726918145,0.2419440442933694,0.2775834693994905,778,47.60879026660535,49.03142936588059,-4.24
-5.563389051289497,1,0.2269425122535629,0.2580476149935558,0.1531072251184658,1104,45.39113442738271,39.25163878947726,-4.19
-3.666625535117526,1,0.1625907501909554,0.3536750359918656,0.1924477515951988,1926,42.7771756038551,25.26204152248669,-2.647
-2.726825268566013,1,0.3272606763548243,0.2997154164840501,0.239104823196354,588,13.34455882261663,27.92398444568262,-3.082
-0.3986061027898509,1,0.7487281778010215,0.2966396176163633,0.4004654894304374,218,6.923737199690624,42.57844122086801,0.47
-1.282733202819753,1,0.2683828014144161,0.2266982160150638,0.1081890671343785,154,26.68911764523327,59.06228499737358,-2.57
-1.494402962622406,1,0.5058508861873903,0.2966396176163633,0.2882612226535995,410,13.34455882261663,115.9948570111832,-2.18
-3.148395550226759,1,0.167983803942887,0.3229970667749929,0.1988161089852074,666,26.68911764523327,37.05856755705327,-1.661
-1.109942196970163,1,0.2207133695772968,0.3559049822863456,0.1950686082762358,956,32.10799747700661,131.4292927314263,-1.877
-2.657603371098125,1,0.2336626382680461,0.3389813414121665,0.2396476864236302,896,17.52137420908816,0.0,-3.9
-1.095060189493875,1,0.543356659728409,0.3260752345279584,0.3397573355709789,318,13.34455882261663,14.61971603833117,-1.37
-2.530748860589655,1,0.3269574539581327,0.2627972035657037,0.2759545553239517,788,46.38057094784423,0.0,-3.68
-3.208412394121515,1,0.1186478263392034,0.2137135814081428,0.1135463759798273,374,43.67639416492468,154.9038519240657,-4.06
-0.8859523521091479,1,0.7260273576949166,0.3347983891019821,0.2859087154310838,216,6.923737199690624,70.46922826035609,-0.01
-0.5187265173123381,1,0.2047782015085878,0.3891327633695578,0.2071765823057957,622,0.0,6.685891128771545,-0.876
-2.598982416544808,1,0.4940155589560087,0.2427341114633689,0.2297731540471981,440,20.77121159907187,84.04822965198295,-1.96
-1.755874368801621,1,0.5781656571494919,0.2748250104532309,0.2277009434041344,292,19.76538044554264,64.60113232017669,-1.3
-2.916172212561415,1,0.201322891702834,0.4411317249554516,0.1792828037946597,1958,35.3539199941328,159.8085245386218,-5.4
-3.459446226108946,1,0.2225860047829845,0.3081637567083403,0.2337663159709871,642,36.39820241076966,30.56274208262501,-3.15
-3.146572031205256,1,0.3077803032926873,0.3202493744030662,0.3094049812114608,620,36.39820241076966,40.51920019025798,-3.224
-3.740186348236067,1,0.4555538903202334,0.2707093930310581,0.2140173579397366,490,36.39820241076966,18.03244081445066,-5.27
-2.616770319564508,1,0.2294608289539389,0.3165263962287297,0.2166862698880855,738,18.19910120538483,25.21071980563879,-1.83
-3.133455202870468,1,0.2991183125300176,0.3073464179022993,0.2549713910068582,688,12.13273413692322,33.56427209279659,-2.8
-4.285295721364671,0,0.2707296702913824,0.3709528542057647,0.2082424126559806,1822,22.98266468634568,38.24510136658187,-5.736
-2.965548913873437,1,0.3387444716728611,0.3389813414121665,0.180994764278808,878,18.19910120538483,41.33224242790049,-3.14
-1.96234389273102,1,0.2482520391758023,0.3819171149335837,0.2249724225602379,1716,29.77741829733059,82.55354651565128,-2.68
-2.559453133777759,1,0.5875973435588597,0.2547379046905644,0.3392501324300256,438,25.98020853630447,42.34046438344623,-2.08
-2.158253133777759,1,0.4341784975221696,0.2547379046905644,0.2334371601644588,438,18.22806032050164,91.0454189631655,-2.06
0.0598565925347027,1,0.1642080626302589,0.3884488927744057,0.1003521623769488,1550,34.80281967069755,208.9483394016056,-1.84
-2.409548242205167,1,0.1775582528059985,0.3957316356993691,0.1211637046624899,1404,23.20187978046503,180.3712076897141,-2.111
-3.741022244430388,1,0.2349077506264645,0.2938930771240311,0.1589996777298296,950,0.0,6.921166496857617,-4.411
-3.255395919170906,1,0.2421137646954649,0.4336723337244952,0.2729482717572569,2074,11.60093989023252,6.538457269058029,-3.924
-2.674858130277874,1,0.3122112384362658,0.3688604835332905,0.2972609379256416,872,23.58774127754977,27.86020363913324,-2.617
-6.504624227887643,0,0.140805227003334,0.3390616976896285,0.1930289949034061,2678,46.40375956093006,376.2540386597444,-6.86
-5.31998617385594,0,0.1392026933245476,0.3452199492189845,0.2122058726327159,2100,58.55579977459783,312.9492699904758,-5.64
-3.154599702156546,1,0.4248407348947754,0.3181898332820658,0.1197651444637421,760,11.60093989023252,2.215590916217521,-2.86
-3.80910556790246,1,0.1677717084088402,0.3786729480558061,0.1182857619427833,1680,23.73367402715574,112.6866666544254,-4.576
-0.3995942816101366,1,0.4858392237694095,0.6494834702380792,0.3055529050319999,478,0.0,27.78432406938675,-0.02
-0.8562781079705095,1,0.6412723577412037,0.7420981285103055,0.3563307955468038,412,0.0,91.00492517099616,-0.092
-2.196516885932152,1,0.2374951401945747,0.3696025301680662,0.179759562709955,510,29.80004109561735,296.1969998686548,-2.38
-2.255064653606675,1,0.4549805327083116,0.8277293767706428,0.6650340870390002,2776,43.46082768613121,143.085585637974,-1.9
-1.127050834598549,1,0.7109991747003386,0.4329316468984661,0.2419816849776923,366,6.923737199690624,102.1634906671382,-1.06
-0.7750548684995047,1,0.5080278271902642,0.5644754678724236,0.4063143735022178,364,18.17987557383101,149.0302183141669,-1.75
-2.978692661145415,1,0.3538509225839565,0.359807595352205,0.3259440858056343,838,17.66730695869413,21.02774697538568,-3.38
-1.774927192880104,1,0.4961802401178143,0.656265789089031,0.8548285791251004,1080,0.0,90.14459085728652,-2.0
-4.888809122322039,1,0.2719414446693831,0.2967561934328374,0.205262684322534,1398,47.46734805431147,2.158079069756927,-4.53
-5.035669321059975,1,0.2711698589944843,0.3621368434811013,0.1443510465878109,1542,46.40375956093006,190.5192093936704,-5.64
-2.331573387505517,1,0.1620399245233201,0.5202304555012631,0.158908846051484,1462,11.60093989023252,28.91246589230521,-3.05
-3.064718546210376,1,0.2863567337071831,0.3509602468742832,0.2778387767373625,824,17.66730695869413,4.108831582578345,-3.46
-4.164538930317368,1,0.2775596247720835,0.3248473382128224,0.1946865544031454,1070,11.60093989023252,59.05207778203744,-4.89
-4.708569379375409,1,0.2658191339681706,0.4598802863062748,0.2509436495941223,1924,34.80281967069755,35.56108677596966,-5.67
-5.490766757733785,1,0.3046726967591241,0.4375,0.1338397576659739,1544,46.40375956093006,46.13121399594432,-5.43
-3.910513251082958,1,0.1795721994489025,0.3911229802192638,0.1256039517124488,1414,35.86640816407895,165.7425300784263,-3.451
-3.064718546210376,1,0.2863567337071831,0.3509602468742832,0.2778387767373625,824,17.66730695869413,4.482361726449104,-3.483
-2.977189346158903,1,0.3797590156664045,0.4940309737581334,0.3880655271273281,722,11.60093989023252,60.10415675561051,-2.831
-6.465636325971258,0,0.0815580882225204,0.1921228415867806,0.0841706914438163,734,54.59730361615449,189.4319011096192,-7.85
-5.61486379456657,0,0.0818734089965937,0.1978749221194442,0.0836529638421467,660,72.79640482153933,192.164766284496,-8.057
-1.11712323542649,1,0.5,0.6131471927654584,0.4154205473596825,652,23.20187978046503,135.2269796678222,-1.3
-1.800219464761479,1,0.1500536600249671,0.2002842627197176,0.0729332560184381,304,39.53076089108528,104.3780891560229,-4.3
-1.004238928033183,1,0.2798478487832844,0.2350451878756692,0.1746879527165007,190,19.07577741335838,51.15558528518501,-2.54
-1.962592416544808,1,0.3985925931814838,0.2427341114633689,0.1899484803912067,440,17.22222916697242,100.8039639714472,-2.06
-3.378190981960818,1,0.232812694652776,0.3320785875719662,0.2175468778814021,912,29.80004109561735,127.5698116977525,-2.338
-5.263405283488841,1,0.1884909602602857,0.3666724069541979,0.1570152129546777,1178,29.80004109561735,32.23226789127003,-3.499
-8.09941073737798,0,0.0711182980800968,0.177622660637882,0.0833333333333333,876,72.79640482153933,208.6030698043488,-9.332
-3.000686676979263,1,0.2088679783749872,0.2218081558415571,0.1120320209175717,1042,19.42057892945051,42.84900420697395,-3.24
-3.329618651623018,1,0.1868360915947374,0.2326836389366617,0.1017386123993854,1104,19.42057892945051,91.54067421645964,-3.11
-3.947596935841852,1,0.1907501564581385,0.2314119557545199,0.1260851283303783,1242,19.42057892945051,78.45453102821374,-4.21
-5.71292411407505,1,0.2545363380432089,0.2853369667301132,0.1725237414214337,1244,35.86640816407895,75.01589705589622,-5.839
-5.138696587390364,1,0.2188593720443141,0.3535663211158441,0.196123697581113,1610,11.60093989023252,28.44304067007137,-5.382
-5.213198562803626,1,0.2814857024053778,0.2505035766138826,0.1907820184952987,892,36.39820241076966,42.44272278276082,-2.84
-3.707752789825889,1,0.2254187872441339,0.3459407388295616,0.1460366726852562,920,0.0,16.22815145565625,-3.15
-2.303513271937245,1,0.3370008477690573,0.2742376705174495,0.2865413274858785,786,37.94808701785976,0.0,-3.4
-2.965090319564508,1,0.1592797535848246,0.3165263962287297,0.1887225250832949,738,12.9997573065245,21.75792574296357,-2.17
-1.570933857722232,1,0.1898925573216662,0.4168531862411701,0.2247462000220969,550,6.42082162292601,24.10842733176389,-1.655
-1.7432279718818,1,0.1428571428571428,0.2090686409165615,0.0714285714285714,266,44.94575136048208,38.03367425321333,-3.51
-0.963228744979885,1,0.5999600220549102,0.2563824720059591,0.3211612033297637,330,25.68328649170404,42.13177121035707,-0.88
-1.271485367285807,1,0.2215867289688878,0.2235094672362417,0.1432699306627845,264,18.57286183659377,40.08542614653911,-3.18
-2.421504214978162,1,0.1711209268783524,0.3379033356379088,0.2025291490976076,664,25.68328649170404,28.6282900882998,-3.168
-1.436440500240709,1,0.1666666666666667,0.2202187890038467,0.0833333333333333,228,38.52492973755606,34.86813863213843,-3.1
-0.6623743688016214,1,0.6530891834796343,0.2748250104532309,0.3496014739943439,292,19.26246486877803,44.96249122384654,-0.44
-1.353107733990774,1,0.6736664645332388,0.2987300025964773,0.2976167531432666,290,6.42082162292601,69.03941384778022,-0.6
-0.9638384103087244,1,0.2556985977490314,0.2386085007312413,0.1653257813266911,226,12.15204021366776,51.5523252915828,-2.59
-2.381169462546185,1,0.215441199250418,0.2686506917074359,0.1242774908982036,868,13.84747439938125,96.89810912517156,-1.13
-2.139912661802205,1,0.1769517814201406,0.3592762901800849,0.2094302221013776,626,19.26246486877803,39.16995944367132,-3.06
-2.044739464761479,1,0.125,0.2002842627197176,0.0625,304,51.36657298340809,29.29301619502144,-4.15
-1.259883257069624,1,0.554824727541465,0.2420092577908282,0.2970000843123123,368,32.10410811463005,56.66568880818929,-1.29
-2.701420206881149,1,0.1656620864920048,0.3199460293301641,0.196068371221547,702,32.10410811463005,21.56534424047938,-2.982
-1.122988928033183,1,0.2,0.2350451878756692,0.0999999999999999,190,32.10410811463005,45.00257729960955,-2.64
-0.6492774860420542,1,0.3021860731402093,0.259762806028293,0.1954083415446936,188,12.15204021366776,52.92448371389674,-2.1
-1.856462307142553,1,0.1831940185214484,0.385111641700118,0.2168181844720017,588,12.84164324585202,34.09844803729175,-2.349
-1.283061178069695,1,0.1970857802359491,0.4563801991039697,0.2332597054283648,512,0.0,28.43865489913157,-1.886
-1.990489367442114,1,0.2697736424996542,0.2576657657483404,0.2547361921306799,580,32.10410811463005,2.220350651434725,-2.218
-5.891670741745881,0,0.2095880067549556,0.3108208023552528,0.1436153779880251,1710,61.31482245369272,70.2029571894964,-7.337
-5.716045100547367,0,0.185215406333254,0.3115971909382745,0.1725611076499203,1620,61.85626973875569,74.00914063088084,-8.176
-5.477811933053511,0,0.2254009771609063,0.2891711821698633,0.1534072472784648,1630,67.38118952215433,61.93029610155675,-8.017
-0.8363935924157072,1,0.3418900898262188,0.4935211481623648,0.3087828232757294,360,0.0,48.93090987200007,-1.155
-4.520572515736027,1,0.2461640783427475,0.229177351403771,0.1385529132776444,996,30.49767650543161,79.78102912761814,-5.507
-2.916432133684069,1,0.2571894519369967,0.3608874642706535,0.1329344176565068,926,0.0,52.73502493918399,-3.094
-6.243206422190781,0,0.1223139752162714,0.2977854365848634,0.1385934413995574,1670,47.46734805431147,465.0424431034885,-7.2
-6.237354793758184,0,0.1167493478482942,0.3020050003179304,0.1588518314934704,1668,70.6692278347765,596.8921997460994,-6.9
-6.837688204654549,0,0.0948993931375681,0.3058112003733807,0.2259955640159219,1958,82.27016772500902,742.0334361831582,-7.15
-2.165532170392344,1,0.1082102677624383,0.1955932053937424,0.0623537219811396,378,51.36657298340809,39.29582761632887,-5.19
-5.016518105573001,0,0.2854346484817272,0.2666719126290137,0.2407782908396904,1516,74.17885085618938,66.30797754846282,-5.14
-5.858008150494971,0,0.2307232693689719,0.2891711821698633,0.1570293478042116,3502,50.25532984852317,57.59470823762759,-8.402
-3.816147577595526,1,0.2433184205789147,0.2141936321695983,0.1319194517678938,978,19.42057892945051,72.87525645383101,-3.45
-4.438797293635803,1,0.2387747826163159,0.2161890419197211,0.1577875395528715,1116,19.42057892945051,61.70943760378695,-4.63
-3.81512312411532,1,0.1960758046284924,0.3079975022396124,0.1816759581400556,946,24.26546827384644,94.3890074900365,-4.632
-2.797529767186576,1,0.1581059369180031,0.2462627630839889,0.0858240769810167,1222,25.4965990362844,139.4608421715442,-3.59
-3.411093116005138,1,0.164335907013846,0.2438811594895886,0.1086254636660976,1360,25.4965990362844,101.2681224476624,-4.9
-2.598982416544808,1,0.4885526904674851,0.2427341114633689,0.2358797333809072,440,20.77121159907187,69.41476053008803,-1.85
-6.793663546369009,0,0.1989960641575182,0.2042204495120279,0.1458767231518184,1158,78.35261267324178,13.7978535364657,-6.96
-3.850236358103065,1,0.166285189462724,0.3762136821350989,0.1353750917863278,1852,12.13273413692322,62.26702279793999,-6.34
-3.850236358103065,1,0.166285189462724,0.3762136821350989,0.1353750917863278,1852,12.13273413692322,22.68838887374332,-6.34
-2.649340328693405,1,0.3263023907853922,0.3455865671866913,0.2798525784971068,1324,34.96376472985614,0.0,-4.286
-4.790758455146341,1,0.2329476060666121,0.3145363153516799,0.1843925666016827,1040,41.93277523254056,4.408045173601891,-3.754
-3.725323300180301,1,0.2449485000023874,0.332886968514289,0.2303117396183804,1224,13.84747439938125,31.06108073975749,-3.64
-3.744125765906769,1,0.5467478842212558,0.2734115419986616,0.161746534705896,504,36.39820241076966,40.52029495149708,-4.6
-3.806894435821382,1,0.2353891074111413,0.2734115419986616,0.1110573391758659,696,36.39820241076966,201.7922643226213,-4.38
-1.984866375713312,1,0.5,0.6554587535412855,0.3662920654736166,2488,31.8598877958987,163.3188774790926,-1.17
-2.786227813874047,1,0.5611742853291971,0.2284067944444295,0.0833470008726645,370,26.68911764523327,26.96647357631291,-1.85
-5.682024390478128,1,0.2319383940778421,0.2127212878423539,0.152049277339112,938,52.37240413693731,2.259186502156652,-3.896
-4.371289547557311,1,0.2423109926238316,0.2488983586544652,0.1775103897057606,854,38.82185178215649,20.75978477972588,-4.4
-2.774033492855897,1,0.2582789575044687,0.4751803159060208,0.2320193561138337,1436,11.60093989023252,26.86109363485,-4.31
-1.408127724056153,1,0.5,0.6554587535412855,0.4430693932066607,616,0.0,148.3984387263763,-0.63
-4.493913851917021,1,0.369635580007441,0.33538173444042,0.2134160401271196,1184,23.20187978046503,49.44557575345819,-3.953
-6.251277230058854,0,0.316476380005523,0.3367335788124675,0.1907983035128724,2022,82.27016772500902,46.09487685614844,-5.666
-5.120276962299644,1,0.363818265873222,0.3571579420634728,0.1640401483847683,2238,46.40375956093006,83.99583393839605,-6.29
-3.509383175718118,1,0.3148031124849375,0.2372061479094405,0.1816386390855355,794,36.4175084875142,99.33779764294712,-4.95
-8.524084622729124,0,0.1190741728567837,0.2313782131597591,0.1688713730473772,3250,92.80751912186012,312.5914439952326,-7.278
-1.070286102789851,1,0.8212871567665734,0.2966396176163633,0.1211646682049905,218,0.0,19.0893564822832,-0.09
-2.761771084780119,1,0.2728722181997985,0.2913195781538649,0.1997656332030745,702,12.13273413692322,7.373889639361173,-2.35
-1.476942962622406,1,0.5526618349264156,0.2966396176163633,0.1282713252231253,410,13.84747439938125,63.53802460543651,-1.34
-1.638713851347129,1,0.3152639897368634,0.3246987351738496,0.1289197975838744,666,35.4352703521547,102.9194663125178,-2.42
-4.228455513393736,1,0.3176710670979745,0.2319643886170861,0.1832934226552797,796,38.11294267322769,95.3399471797051,-4.07
-3.678081454666095,1,0.2472937687735412,0.2926160583910798,0.1597056055402181,884,0.0,76.1110801075997,-4.16
-5.014422659767251,1,0.1655850286054679,0.4033404508047395,0.1752808649214079,1190,17.66730695869413,12.91938925165273,-6.02
-2.256759969802085,0,0.0843334621243091,0.1974834206308074,0.0608887014200022,2372,13.84747439938125,297.9915678375694,-5.293
-1.426045239754056,0,0.079727722339007,0.1992980356559104,0.0575633647520412,2436,13.84747439938125,312.3142534343838,-4.081
-5.96300705329666,0,0.2179402915206039,0.2224152797813978,0.1596571475913577,1006,64.50513827386052,34.52563245134537,-6.144
-2.186005832702637,1,0.5,0.6554587535412855,0.3452403240858144,5656,45.18174125413611,183.3295891525742,-2.34
-6.793663546369009,0,0.1988842005846266,0.2042204495120279,0.1456971721271217,1158,78.3526126732418,33.61825141943517,-6.637
-1.190775888550464,1,0.7071698040931643,0.2539707371322467,0.1123367204922571,294,0.0,10.04756239430342,-1.1
-1.584820418988552,1,0.4202160728430543,0.2539707371322467,0.1104706378319191,486,27.6949487987625,43.54925467432856,-2.24
-1.863548322884806,1,0.1776717571599813,0.3486916159254685,0.2488523526584248,1262,11.60093989023252,4.575391383178915,0.523
-3.917048035952665,1,0.1856235944340001,0.3285470646789563,0.2093566846206411,1236,32.37215148930439,64.36153588626912,-4.328
-1.757175512793264,1,0.2990511406684839,0.2981531024473155,0.2985269019060692,654,13.84747439938125,16.40042550666504,-0.85
-3.183859327374823,1,0.3405595115439199,0.2859074418537572,0.20369838937421,626,13.34455882261663,73.48454920049765,-2.24
-0.4111032542586095,1,0.5,0.3606812278304233,0.2027535930633149,244,0.0,45.69211018107845,0.48
-1.948236753851073,1,0.283866826654544,0.3235262567029445,0.2063012700251808,626,12.13273413692322,35.58910915891575,-1.66
-0.5968874307521161,1,0.8188499373753023,0.3862534428571301,0.1666666666666667,334,0.0,57.14708008501376,-0.45
-0.7859321279212401,1,0.4625482517488245,0.4126972515042214,0.1666666666666667,590,21.58779595277345,103.1267059852925,-1.44
-3.686602472508175,1,0.1649956569267448,0.4044595022077385,0.1758444545526942,1104,0.0,25.2827988527739,-5.47
-2.768727926381139,1,0.2913842788893847,0.3622405777351143,0.1842574793443188,790,13.84747439938125,22.22680731987245,-3.38
3.286359968524663,0,0.1666666666666667,0.3271564379782974,0.0906329483832452,612,0.0,157.8264172768444,0.35
-2.332420418988552,1,0.4058002702852996,0.2539707371322467,0.0952017124790271,486,13.84747439938125,67.67548769428085,-2.58
-7.541263546369009,0,0.1980253638939073,0.2042204495120279,0.1450680116551186,1158,90.18842476556458,26.03748356604808,-5.115
-4.491594044541161,0,0.205498118317643,0.190485879008029,0.1101060271556394,1206,39.34407343566564,159.7234307459301,-7.32
-2.008013270912305,1,0.222902709274644,0.3316404331184587,0.2239831494073692,714,18.19910120538483,48.98996147306386,-1.57
-3.515284581127636,1,0.2701774236550226,0.2564437348663574,0.1813289029897612,706,60.6636706846161,3.642267397976755,-2.98
-3.13482094024062,1,0.5122592254432358,0.2672297156616445,0.1421558807708363,506,36.39820241076966,35.02423820634671,-3.96
-3.445544989669058,1,0.4062962315471043,0.26323190755911,0.1902829375802872,492,36.39820241076966,13.16316318424969,-3.504
-3.797941649210435,1,0.0892976826484835,0.2150896787446935,0.0897623295007368,480,60.6636706846161,181.743528238398,-4.08
-1.938375888550464,1,0.6660151037829338,0.2539707371322467,0.0988945097917438,294,13.84747439938125,16.1127847199396,-1.62
-2.237562852128702,1,0.3407065936964396,0.3033541599279124,0.1400898239582213,1502,24.43574688609339,0.0,-4.86
-2.988497962340014,1,0.3069572187284488,0.3303967423726767,0.2353343328015991,1428,18.30546199580378,28.74676418827725,-4.23
-2.732711006348368,1,0.186727982370139,0.3733066098240743,0.1782106337908077,1232,12.13273413692322,13.91864641605573,-3.35
-3.293971977643055,1,0.2882386517268026,0.4024977853189183,0.2796647242344842,1074,23.20187978046503,5.195278975213223,-3.8
-2.256980411405473,1,0.1826037381099067,0.2044992941858259,0.1052389471097468,376,23.80116485057092,143.3416842677497,-4.26
-1.925971265040972,1,0.3195884537972521,0.4357738159635203,0.2020721953769532,676,0.0,58.23802076825919,-1.456
-1.964667011395441,1,0.321073108211186,0.3492574107873088,0.2055066807910971,562,0.0,36.55685418253356,-2.17
0.1590432768470481,1,0.1655454408554484,0.3592359383894995,0.1395071217747919,826,0.0,197.8911968190327,-0.17
-7.936616906958246,0,0.0596255663164496,0.1523573829755268,0.0243062324966786,762,129.4222636120495,290.8077320962307,-8.172
-5.120276962299644,1,0.363818265873222,0.3571579420634728,0.1640401483847683,2238,46.40375956093006,82.78601740018868,-6.18
-3.501307414406897,1,0.3068568605175654,0.2052459260896787,0.1642668708753077,842,13.84747439938125,94.80655164470706,-4.16
-3.247709911668068,1,0.338521607204402,0.2121593156735564,0.1815047326751071,1034,13.84747439938125,61.2961958469019,-5.41
-4.715783175718117,1,0.4022561951470232,0.2372061479094405,0.2321091132938962,794,25.12283840507545,77.79322716839833,-5.24
-3.971765513393736,1,0.3902251466006955,0.2319643886170861,0.2251613027448668,796,24.63922890505538,87.44276258992609,-5.282
-2.081136502985943,1,0.1762144969520595,0.2963525079249903,0.1018018543213619,936,6.06636706846161,167.1165308429818,-3.62
1.559613395475682,1,0.2518076604656639,0.3442557129411542,0.1348049775723194,410,0.0,80.49006123973257,0.7
-3.294698557793025,1,0.3518632214303664,0.2211237562942747,0.2030262522789321,800,12.99010426815223,90.30463644905306,-5.03
-2.749806625930476,1,0.5579439813767098,0.2672297156616445,0.1329560819958299,436,18.2087542437571,34.26012655972596,-2.92
-2.483689537904911,1,0.2864541595597787,0.2317807073482659,0.1652850054311302,864,12.99010426815223,111.5833594188578,-4.955
-3.989583884899472,1,0.3903464229040479,0.2265621275326863,0.2252311878761663,798,12.99010426815223,87.63037542554667,-3.955
-4.333720518981872,1,0.1668441167250019,0.3830422860934372,0.1948059366823016,1128,12.15204021366776,0.0,-6.124
-0.3481257229235901,1,0.5,0.2704260414863776,0.1666666666666667,78,13.84747439938125,37.2777254481805,-1.36
-0.6143474307521162,1,0.7222752869325083,0.3862534428571301,0.4108903156842638,334,6.923737199690624,83.39863041531459,-0.6
0.1292029568463907,1,0.9045877396613669,0.3862534428571301,0.4789538253617587,142,0.0,41.68359694471409,1.1
-3.587685292399922,1,0.3188109570129984,0.2188497540014686,0.1839549854761341,872,18.91053858700788,103.3484635523347,-4.3
-3.234931456357556,1,0.2982836839569634,0.3298056762094755,0.2996022015378879,844,25.12283840507545,36.53916067903192,-2.09
-3.013618781063062,0,0.1984893103088567,0.3415411872385919,0.1526775814681797,2076,22.76344959222632,27.77175642430791,-5.54
-4.398779327374823,1,0.2547309054222468,0.2859074418537572,0.182601741122328,626,13.34455882261663,24.52247288542289,-3.028
-3.774699706931574,1,0.2666772728430476,0.2089540502408378,0.1500987199517112,912,25.34101324830616,90.30644480642285,-5.66
-3.347866603759015,1,0.2658172876778317,0.3007825447989566,0.1752768117369404,1062,0.0,67.96866898527574,-3.42
-3.347866603759015,1,0.2658172876778317,0.3007825447989566,0.1752768117369404,1062,0.0,65.44547013663441,-3.42
-2.618453472714392,1,0.3225291937516031,0.4231023078386484,0.1730133413969205,1136,0.0,36.52178591628405,-3.81
-0.6466440736941089,1,0.6221075581394448,0.3621368434811013,0.4031702607481921,280,0.0,20.68652846790655,-0.04
-2.102616999638267,1,0.4535306790795443,0.3088732869800258,0.3311376769017604,462,18.19910120538483,20.38058477724512,-2.32
-2.343924225918545,1,0.4834624828688871,0.2635713530845122,0.3166413003506966,432,26.68911764523327,22.71711783123568,-1.28
-2.208373253847213,1,0.417342623252418,0.284445560596104,0.297796769357223,536,30.33183534230805,27.47130600526744,-3.0
-3.991658018499937,1,0.3950994587100026,0.222456716541165,0.2588389803449506,584,45.44866693724668,39.46855464311455,-4.1
-0.2269311017819967,1,0.6202240011715852,0.4149153817759055,0.3875650636232221,242,0.0,33.45579451039094,0.15
-2.759416731603783,1,0.4570772266756362,0.2505189583559407,0.2994420789027785,470,26.18620206846865,15.13244409084964,-2.74
-2.343924225918545,1,0.4822959614899365,0.2635713530845122,0.3159634657890515,432,19.76538044554264,27.76974901346642,-2.35
-3.583004046511994,1,0.4138027691293163,0.2304062605764648,0.2710919604270205,546,39.02784531432067,29.63106050218314,-3.8
-3.172340631443856,1,0.434364833007143,0.2396384822086196,0.2845626537691421,508,32.60702369139466,36.14197513349122,-3.39
-1.925477901786111,1,0.510577290595356,0.2795745237229117,0.3346937541851999,394,13.84747439938125,14.49098586295588,-1.75
-1.077600189493875,1,0.5798186915382475,0.3260752345279584,0.3794969946445789,318,6.923737199690624,20.60475077615548,-0.66
-1.50743707163951,1,0.7356015505660841,0.2721799490905406,0.1091477717557197,256,6.923737199690624,15.21539890365116,-0.66
-0.7191823521091479,1,0.8410201585650621,0.3347983891019821,0.1725290686125479,216,6.578935683598497,16.99662493067121,-0.85
-2.362839540483241,1,0.1399852345989522,0.2376723944664291,0.1406855655660757,298,37.25557254199867,113.7417939229054,-2.77
-2.048249464761479,1,0.1548931603835507,0.2002842627197176,0.0719727174693216,304,45.44866693724668,93.03363725199256,-4.25
-0.3636547323807398,1,0.5,0.355245321275764,0.25,76,0.0,69.5000432627041,-0.4
-1.905416877309766,1,0.3541149051999237,0.3408131113968053,0.2585529466679396,512,0.0,23.73476232677915,-2.1
-1.689960224976266,1,0.3697363789491467,0.3221364682636406,0.2457394839555189,526,0.0,83.84182288771036,-2.35
0.3691264373472808,1,0.5,0.5,0.5,74,0.0,106.7777687108846,0.29
-7.05050941665679,0,0.242377280514415,0.2144898473797485,0.0624678015751395,1120,56.31204387861252,51.36641525864867,-8.6
-2.790525080617646,1,0.2772720519016263,0.2987203069587551,0.2140652781884588,746,30.33183534230805,23.73604045421729,-4.735
-2.578220173430898,0,0.0930444775951244,0.2405059680448342,0.0574811066940696,1908,0.0,299.1521958041671,-3.571
-2.452105607248686,1,0.5893270550668716,0.2314252028779518,0.1056525971916403,442,0.0,10.13615405213877,-1.64
-2.33756552421686,1,0.381785199426502,0.288990632009699,0.2220608579120573,500,12.14238717529549,77.5725013120243,-1.56
-5.699609749093064,1,0.2585564617989783,0.3264502426883574,0.1460019039766507,1364,53.53371512277308,59.42008932750296,-4.38
-3.461212031205256,1,0.3511412113890304,0.3202493744030662,0.1937706369818679,620,18.19910120538483,58.67545101619352,-3.3
-2.553256763439499,1,0.2648194967959956,0.40972699975937,0.2369697747492624,1186,0.0,39.01949865732906,-4.04
-3.174966206064353,1,0.3433988510569135,0.2971296109777704,0.1952201943020418,920,29.96098615477595,21.97295087541855,-3.927
-4.364105971730233,1,0.2182028403104168,0.2798062644467993,0.1804771207366303,936,18.19910120538483,53.02289059938694,-4.7
-5.20291202638909,0,0.2321392473019979,0.247951004190151,0.1579635498216823,1056,58.02678414107054,71.14794609083691,-6.025
-3.20891824798965,1,0.2862813260651751,0.3452684700322671,0.2565253551261819,1406,0.0,25.11226129584821,-2.3
-3.043419149428514,1,0.3204558358501987,0.3581360045091141,0.28674999699996,1304,0.0,24.33097299381114,-4.57
-1.742481707713395,1,0.2884591745096102,0.3316114452947508,0.2798779695977871,498,18.19910120538483,5.562114922597533,-1.6
-2.480532025222355,1,0.1784225740116739,0.3719564398469631,0.0990321004515552,1000,6.06636706846161,70.130874191147,-1.8
-6.120534370190316,0,0.162954004255856,0.2735401891474176,0.1378933847527354,1426,56.31204387861251,104.9566217820379,-6.876
-1.290191016200543,1,0.2906716154645297,0.5685567312360539,0.2643580565088732,440,0.0,60.79116605950485,-0.972
-3.118682621739116,1,0.1634596519081354,0.2474759578398923,0.0887211459187181,1186,19.42057892945051,93.34811043784232,-3.43
-2.830792274602763,1,0.1494054422784136,0.2591224202095211,0.0811012257599515,1302,19.92349450621513,42.08618491335307,-5.613
-6.389614764790549,0,0.1514078154216534,0.3997737510134395,0.1770411857712483,1604,17.66730695869413,0.0,-6.78
-2.797006649775729,1,0.2120461701306469,0.3922205682083669,0.2667694713276338,776,6.06636706846161,7.667366274459721,-3.43
-5.074115335638913,1,0.0982810847410374,0.2044992941858259,0.1004190343193278,586,60.6636706846161,161.0450082747776,-6.0
-3.966789237195541,1,0.1080145499231536,0.2183439772662539,0.1097500742232599,478,48.53093654769288,147.4076568141175,-5.0
-1.833000523204194,1,0.470010795637106,0.3696025301680662,0.2786001884071169,302,18.19910120538483,98.5668775863039,-1.8
-3.367744600946788,1,0.1874482905075485,0.2405291350868273,0.101743686448024,1158,25.49659903628439,19.90321525597227,-4.099
-2.797006649775729,1,0.2120461701306469,0.3922205682083669,0.2667694713276338,776,6.06636706846161,7.465593477763412,-3.32
-5.723003545569791,1,0.2131515965580048,0.3041439551191467,0.2492154800227941,1054,42.46456947923127,5.018159547817267,-4.445
-4.171516882844422,1,0.2079918117455814,0.4108967565848113,0.278443824483827,1376,6.06636706846161,5.142648214961612,-4.047
-3.983478582891698,1,0.2111675963146329,0.3379157981154043,0.1183096426207723,962,30.33183534230805,45.85634338797713,-3.37
-7.423169280408775,0,0.1575425798759301,0.3027178254328171,0.1432800363975304,1780,55.78024963192181,100.9784138461401,-8.003
-2.131719144623297,1,0.2445166765198898,0.3266575297019329,0.2454444658234923,686,6.06636706846161,66.3463748711641,-2.34
-0.4975398025731922,1,0.2062481718454739,0.4392560211850984,0.1566042698258227,1270,11.38172479611316,76.42095395601456,-1.995
2.039219968524662,1,0.1745401827746152,0.3271564379782974,0.0969496981908731,612,0.0,201.7430475702964,0.64
-0.8546910494239752,1,0.9083136504028676,0.4391735523809267,0.2004774442965487,212,0.0,27.2751003664062,-0.82
-1.019050035895562,1,0.5828698539661892,0.4321284572240839,0.233368859453195,312,0.0,32.75906551300519,-0.1
0.0407749529607467,1,0.2229465054265621,0.2898472707501629,0.1277935533698288,838,6.076020106833881,112.2505245546003,-2.943
-4.864611051438684,1,0.1826737278490544,0.313427704646824,0.1351964602613787,1344,23.73367402715574,38.78156497839687,-4.571
2.614679968524663,1,0.1740853063647024,0.3271564379782974,0.0944207435933635,612,0.0,170.244078526103,0.74
-3.645592006919299,1,0.2264456807487578,0.2921668533410786,0.1812791354970608,660,37.25557254199867,24.75143032591046,-2.337
1.080422498212609,1,0.3348258433340383,0.3713337982794686,0.1792274027679176,308,0.0,82.12957688421275,1.12
-0.975244168195422,1,0.2161197198174229,0.3090497740142795,0.1416449831188879,722,0.0,22.49978202908101,-0.6
-4.557623455981211,1,0.1857073778550855,0.2967141478518123,0.0863566148259328,1302,18.52467708992314,47.40289373950574,-3.246
-1.300119951067653,1,0.4399408055959816,0.343019975278146,0.2558862596065989,388,12.13273413692322,65.5554661547927,-1.96
-1.545198197815053,1,0.2197689902075493,0.4557981027607744,0.1666346323689034,494,0.0,90.6246451622669,-3.583
-2.287405162074553,1,0.2525093911738314,0.7185463540765221,0.6210029428710687,1830,15.92994389794935,136.1579372858356,-1.71
-1.643459516430231,1,0.181098644592179,0.2916304670312492,0.1054025331073196,972,0.0,166.3130354007507,-2.7
-5.68128804626127,0,0.1384676011728054,0.3427575999490936,0.1955264768109954,2388,58.55579977459783,463.6367393619231,-6.317
-2.599192278361068,1,0.1620092859906916,0.1959829226247291,0.0660419000467063,268,45.95158251401129,86.03090870725318,-4.53
-3.759429270624602,1,0.1831751279970628,0.2922852532386289,0.2897679084588724,1878,69.60563934139509,299.8762069554622,-4.92
-3.680441418886677,1,0.1666666666666667,0.2704260414863776,0.5,1806,69.60563934139509,296.3578288174674,-3.67
-10.31734131706445,0,0.0461614384517711,0.1439016877251235,0.0188176100405494,990,167.9471933496056,393.540481627858,-8.334
-6.328636744352935,0,0.0740184419985115,0.1602417615393904,0.0301734569816807,610,103.7389771203454,217.3449625895669,-8.4
-4.71013199860684,1,0.0887914314312184,0.1978749221194442,0.0555555555555555,450,0.0,48.95411143704564,-5.23
-2.167466112453348,1,0.1866650264604533,0.2039115135379551,0.0760642481971864,230,39.53076089108528,97.44738190126763,-3.84
-4.234823884899471,1,0.307846916752173,0.2265621275326863,0.1776248334397795,798,38.11294267322769,105.395209111025,-4.43
-4.040681998606841,1,0.0994289203603781,0.1978749221194442,0.0951373572217874,450,56.5180374107767,161.7993582631247,-5.21
-0.5121391296823207,1,0.2918753408849965,0.5597046685646697,0.2853982929354632,338,0.0,27.77824830446004,-0.4
-3.504114227490454,1,0.2698115841571445,0.2796164966510751,0.168288640590897,542,36.39820241076966,17.60173318344326,-2.92
-2.354499271292429,1,0.2749705788810023,0.2622215929383663,0.1506366723799652,646,60.6636706846161,85.44843370808681,-1.93
-2.568210920996437,1,0.2135310134984241,0.4969148951238302,0.1404689626549382,1464,11.60093989023252,22.64177803719313,-2.63
-2.633886198081196,1,0.1781525939866596,0.2280262713940914,0.0959458172303868,1106,19.42057892945051,112.8265162642864,-3.09
-3.251570233451512,1,0.1812680465770242,0.2272774036090962,0.119817489222255,1244,19.42057892945051,81.86470945810233,-4.88
-4.503975309181116,1,0.3496544167374619,0.3825678353786029,0.189763101487302,2164,58.55579977459783,92.37370052884548,-5.46
-4.017807577595526,1,0.2483843623980058,0.2141936321695983,0.1377187296553501,978,19.42057892945051,62.95051665790719,-3.817
-1.739429504408073,1,0.2507240276106242,0.4820243404889351,0.2045162886318471,444,0.0,34.2999232500043,-2.296
-2.569495702109361,1,0.143851624396445,0.2349383036113226,0.1452352321290258,334,24.26546827384644,112.8195526198677,-3.04
-4.031138280336926,1,0.1458481469341038,0.3540415590337034,0.1393476227614094,1476,29.80004109561735,9.240653479491806,-3.586
-2.101944921835316,1,0.4146506723038849,0.3658851619665568,0.2836594194131516,356,18.19910120538483,24.91883920504532,-2.16
-2.321572355754054,1,0.590970704480355,0.3179455553999495,0.2714922670879312,344,18.19910120538483,14.95020506983198,-1.52
-2.343627769004754,1,0.6068524569414938,0.3001562778598905,0.2526498729735124,346,18.19910120538483,12.72585991163396,-1.04
0.92779646835637,1,0.1674799744182451,0.375905599715081,0.1004717865963527,888,0.0,193.2275876170477,-1.23
-2.595715725826868,1,0.1904122233172235,0.3696025301680662,0.1940561728015932,3030,18.19910120538483,81.38632191356211,-3.01
-1.607406545866894,1,0.5924524675426542,0.4329316468984661,0.2558558108767393,2886,29.51460782675868,155.289753250795,-1.6
-4.404229804577564,1,0.3355855969539971,0.5024051678580502,0.3015015358583962,4356,23.20187978046503,7.494844984843106,-6.62
-1.191463530204413,1,0.8816674695738641,0.5904362833084089,0.3333333333333334,2848,22.59087062706806,114.35154872158,-1.0
-3.451211643814359,1,0.6072504073309932,0.5045984773991835,0.3520682963871015,5986,0.0,26.99129115982669,-3.61
-3.697763040015616,1,0.2412195152145417,0.306903037397116,0.1583185794658524,912,0.0,22.6146979198115,-3.785
-2.485961109091407,1,0.228103690352701,0.4010526396694458,0.2248909852129514,1450,0.0,46.40275738692009,-3.658
-1.129785402288426,1,0.54784575945815,0.2997416467365092,0.3554994354438236,356,13.84747439938125,6.006563459823211,-1.21
-0.7212601894938752,1,0.5466641115632882,0.3260752345279584,0.3420368319791508,318,13.84747439938125,21.70104210115417,-1.01
-2.834612394121515,1,0.1144672832331954,0.2137135814081428,0.114659030428427,374,44.17930974168929,119.9049641408515,-4.12
-1.216241472276266,1,0.2154836896613507,0.3361492970884462,0.2077200299365069,578,13.84747439938125,14.69299608893791,-2.15
-3.699141163355407,1,0.2322655018091666,0.3350836479198553,0.1847391781946341,720,35.4884985994335,113.1612012596675,-2.461
-3.63659523271825,1,0.2223615195589316,0.3047867506482707,0.1654301883874082,1350,12.13273413692322,3.204822681414552,-4.194
-1.063088197815053,1,0.2710165837248889,0.4557981027607744,0.1797002307319185,494,0.0,130.6226543851903,-3.401
-1.030729148097026,1,0.2561978426901287,0.4255584121615642,0.2338046634460352,434,0.0,33.40008512698561,0.009
-1.551677901786111,1,0.5153375282263765,0.2795745237229117,0.3342056041124862,394,13.84747439938125,22.7355130831711,-1.92
-1.147245402288426,1,0.5144242384030632,0.2997416467365092,0.3216737933361961,356,13.84747439938125,27.74664070068767,-1.52
-2.308048146478522,1,0.4941476090653092,0.2563343946931946,0.26091059225121,402,19.42057892945051,95.22355010902037,-1.06
-2.746125268566012,1,0.317806432687865,0.2997154164840501,0.3191939331223766,588,32.04657560476608,38.05378423968276,-2.863
-4.646843009678672,1,0.2038420060612148,0.2902611342898839,0.1693859524164125,966,27.6949487987625,0.0,-6.49
-0.7038001894938751,1,0.6002237794584868,0.3260752345279584,0.3918660863445413,318,0.0,12.18700394090657,-0.55
-0.2903040736941089,1,0.5985418618003885,0.3621368434811013,0.3767846295955547,280,0.0,22.86669361702672,-0.63
-2.413769557103468,1,0.1274293804387268,0.2243071347541535,0.1280891445483786,336,44.17930974168929,130.1397437020529,-3.27
-2.732145036268621,1,0.2621789920998784,0.2786580016778978,0.2543795830447193,612,25.98020853630447,4.569336986663194,-3.536
-2.602051261766336,1,0.4839437809122481,0.3066199320064434,0.1551385012751321,380,24.26546827384644,52.91298814537368,-1.45
-2.852259457875184,1,0.1974366356215805,0.2941287925956431,0.1985146823214939,864,6.06636706846161,74.62980466026939,-2.93
-3.573861902147709,1,0.1656866695807364,0.2823822189050517,0.1426910213622649,992,36.39820241076966,251.738841805777,-3.27
-8.41397212010419,1,0.2145543194868477,0.2797102899843799,0.132118216055956,3314,23.20187978046503,191.1781633817842,-5.259
-4.692648572504532,1,0.2241549454460249,0.2972255552874823,0.0931853324935343,836,0.0,55.26165378510581,-3.021
4.250913290197333,0,0.0957807369459192,0.2749632337987452,0.0519497516169026,1158,0.0,267.4100673932883,-0.244
2.231731855587388,1,0.2070650037953527,0.3470673197396387,0.113948947925211,510,0.0,146.8741714032694,0.39
-2.915205051471932,1,0.2252577331530815,0.2916617004103195,0.2379809216968853,712,19.26246486877803,31.43484586882623,-4.594
-1.845265607248686,1,0.4372019243482501,0.2314252028779518,0.2392808659535009,442,17.72514474373703,47.79668925233031,-1.99
-3.853338234894358,1,0.1666666666666667,0.3800937667159343,0.0964743387702207,1956,0.0,291.5282938293308,-4.64
-3.032759268344158,1,0.2368814726321446,0.4164452714015595,0.2670500031676014,1138,23.20187978046503,22.30637041860064,-3.592
-5.063760685766516,1,0.2151886242002129,0.3630512739537573,0.1629365474235113,1354,41.40098098584986,156.1345209881124,-3.604
-3.186813652727902,1,0.184644216686344,0.213787282808078,0.1232182426530824,1220,45.92300911926414,15.32437534538305,-6.005
-1.856670951274897,1,0.209321575629189,0.3408943045565661,0.1436249327109927,1500,11.38172479611316,13.41762114031606,-3.37
-1.23580878102212,1,0.311323532941528,0.3207446472148851,0.2117428606992848,520,0.0,51.09925253253542,-0.82
4.250913290197333,0,0.0957807369459192,0.2749632337987452,0.0519497516169026,1158,0.0,343.1251928581637,0.358
2.565914580946247,0,0.1683392417421014,0.3100275721012118,0.0901279371570706,614,0.0,131.7301004022256,0.06
-2.008384664913265,1,0.6185091841045617,0.4180521152260062,0.2423493405349607,560,17.66730695869413,27.87737902662063,-1.37
-3.262330169901469,1,0.2673490652135278,0.4535095090581451,0.2062495584286599,1734,33.59725085664348,261.3882630450592,-3.21
-3.364429757905245,1,0.271416230566529,0.4535095090581451,0.2091410349507174,3318,17.66730695869413,255.3145383305229,-3.55
-2.40144049378476,1,0.3702442696223112,0.5214192468721506,0.3875949720322376,686,17.66730695869413,126.0714051197914,-2.77
-4.285403530691854,1,0.2098045519239166,0.322570364605427,0.1915477813103016,928,30.33183534230805,89.01178687019352,-3.88
-1.809492095946437,1,0.2203596318814636,0.3534806216345488,0.2038596704422594,1486,11.38172479611316,38.52190064527596,-2.518
-1.028077856647781,1,0.2759852860718039,0.3107123522245058,0.1763105304641861,628,6.076020106833881,56.80680855485527,-1.899
-5.111944125298733,0,0.231554260793088,0.199813097545043,0.1202875271283096,988,32.42033623597502,105.362223053491,-5.27
-3.932148798485612,1,0.2584072119925032,0.3243111951064778,0.1541349796711966,1072,41.66862122024278,6.488885014528191,-4.873
-4.104665176662424,1,0.168877334735056,0.4132746483602566,0.2672876233698418,1198,6.06636706846161,4.560308102779212,-3.24
-4.769325456429041,1,0.2409378635492575,0.2154950349455259,0.1620767725169662,1152,25.4965990362844,8.873191172925532,-5.35
-2.811674834235974,1,0.3424443457518667,0.3055651098695907,0.2238836575600592,532,24.26546827384644,118.2501891423646,-3.03
-1.476343802004493,1,0.4919598340872434,0.2208765715814557,0.2635749997967061,444,27.19203322199788,38.13099260294216,-2.53
-2.169185607248686,1,0.4585389720677588,0.2314252028779518,0.20829630795796,442,20.77121159907187,79.39776677149646,-2.35
-0.9906026262905652,1,0.2010764335131534,0.3176465263775456,0.1809302964632038,696,20.26829602230726,58.68565322820456,-1.807
-2.467274774657346,1,0.3542621013360406,0.4324365440174392,0.2273694100452876,818,12.13273413692322,51.44912004371529,-3.18
-3.045297049873022,1,0.2339239910554403,0.2768720259188832,0.1642186389757564,866,18.19910120538483,47.04021090028192,-1.601
0.4829130402062782,1,1.0,0.3109175070825712,0.25,40,7.426652776455239,40.01803986642445,-0.9
0.6023859796060616,1,1.0,0.4841962570206112,0.524559058695538,104,0.0,38.94309207176319,1.57
-4.495779524692885,1,0.2132087415004134,0.2833150232629264,0.2110623423482255,752,30.33183534230805,125.6349782521279,-2.925
-2.008475352206909,1,0.1808380024805677,0.3418776106000334,0.2157226190707733,628,13.84747439938125,38.68308502040662,-2.23
-2.715548587962183,1,0.2266321692117287,0.4618761064972193,0.3216956381038557,1198,23.20187978046503,76.48366236842132,-2.82
-1.28031299988926,1,0.1954987423732517,0.3233328299151572,0.1602813225192497,780,12.13273413692322,81.26620126894831,-0.985
-3.94919781613385,0,0.2697415598022379,0.2053203888840095,0.1940421397004158,910,31.9174206592104,30.69261932030104,-5.19
-4.046950638392497,1,0.2087125940254557,0.311591803516966,0.1238264690756986,982,11.76188494939112,91.9880769012868,-2.928
-3.878692698374629,1,0.2856408826214349,0.3182464233453904,0.1958947689691493,696,0.0,55.54695223018823,-3.664
-5.86725808884044,0,0.3084919631735634,0.3049638781553208,0.12473303206978,1586,59.06828794454399,54.08214836306042,-6.89
-0.2094711017819967,1,0.6499985235987261,0.4149153817759055,0.4181607085517305,242,0.0,27.73133663412382,0.46
-0.2965645233392958,1,0.5789501599289939,0.40701901811629,0.4093107461106237,278,6.578935683598497,18.31867511249599,-0.22
-1.685479470991049,1,0.4691458725880613,0.3338542595329682,0.3400437889962891,424,18.19910120538483,22.15942558126721,-1.85
-1.50743707163951,1,0.7205972409074509,0.2721799490905406,0.1060960119082452,256,13.34455882261663,31.79159291867093,-0.99
-1.503585402288426,1,0.5437421240558254,0.2997416467365092,0.3561124950226615,356,13.84747439938125,14.87918169260683,-0.82
-3.583004046511994,1,0.4071585125802258,0.2304062605764648,0.2647874321932447,546,45.44866693724668,18.22319257557203,-4.69
0.2183327446830441,1,0.6478410010204406,0.5,0.401856594955912,204,0.0,35.00608573131861,0.58
-0.4467813231532501,1,0.2266212598468939,0.3537456346880483,0.1517684547248902,616,0.0,138.7315796196425,-1.24
-1.925477901786111,1,0.4996487622141522,0.2795745237229117,0.3249366230360192,394,19.76538044554264,34.7755843564046,-1.87
0.2660924039033264,1,0.505939579517962,0.3862534428571301,0.2617319841517391,140,0.0,35.81358573270803,1.34
-4.398510300153091,1,0.3726663111439842,0.2155265521933986,0.2423561157236056,622,58.29031018309871,45.10648191133546,-4.69
-1.465511439473811,1,0.4378329850975684,0.4056003685510745,0.3188621075614797,436,0.0,29.77601876478235,-0.46
-3.172340631443856,1,0.426915117607808,0.2396384822086196,0.2776357469219681,508,39.02784531432067,40.30754475695394,-3.38
-2.759416731603783,1,0.4486868053452033,0.2505189583559407,0.2917945305710222,470,32.60702369139466,33.07308302870396,-3.17
-1.503585402288426,1,0.5422808548414564,0.2997416467365092,0.3552485308237684,356,6.923737199690624,28.83362708290838,-1.36
-0.6466440736941089,1,0.6042592869650679,0.3621368434811013,0.3925995173225648,280,6.923737199690624,18.66137600784012,-0.14
-1.070286102789851,1,0.8008520846608767,0.2966396176163633,0.117887249382456,218,6.923737199690624,21.09441341344707,-0.39
-1.11617707163951,1,0.7765138836412805,0.2721799490905406,0.1217200235201592,256,0.0,16.97798486650281,-0.24
-1.6209679718818,1,0.170047075576907,0.2090686409165615,0.0815685059420642,266,39.02784531432067,80.99193852623878,-3.85
-1.314180500240709,1,0.198887756931408,0.2202187890038467,0.0954028590981436,228,32.60702369139466,86.23250007337941,-3.3
-3.948708172690967,1,0.2146374373998997,0.2581380874409133,0.2100929787628206,794,48.53093654769288,0.0,-3.35
-1.275962594993028,1,0.3772839617036828,0.3463699609650766,0.250558521913385,488,0.0,81.05348075100318,-1.827
-4.711616177250495,1,0.289646177438861,0.2093763562907709,0.1910211409398009,1016,19.42057892945051,7.815210425010475,-5.284
-1.880634881883884,1,0.3467786913326985,0.5031101286959508,0.2592906813728579,604,0.0,17.58148309848407,-2.436
-4.392606467126006,1,0.259556193784894,0.2774691782815001,0.1640271522888008,1028,25.12283840507545,4.037600348437897,-2.73
-4.509918280336927,1,0.1827663945364909,0.3540415590337034,0.1312352242800963,1476,29.80004109561735,22.82450237221971,-3.78
-1.750450011042977,1,0.3489410184105741,0.3691551106844369,0.3501928667237363,474,18.19910120538483,43.30798345892838,-1.803
-2.805924291431013,1,0.323838640916537,0.3661126792168657,0.2098015316858919,888,11.60093989023252,32.94381086389357,-2.564
-0.8824210444257117,1,0.2522558600316173,0.4194530622086846,0.2201957077628152,564,0.0,68.88076921889375,-1.26
-1.718505523589618,1,0.2513645967625565,0.3662763300651011,0.2217795004509917,818,32.53309654846299,51.65919473450233,-2.253
-0.8824210444257117,1,0.2522558600316173,0.4194530622086846,0.2201957077628152,564,0.0,124.3842117257949,-1.22
-2.919359767221438,1,0.5148361061645451,0.4535095090581451,0.3080308933218421,1526,21.99631096641096,89.90628267937686,-2.67
-0.7441859732246245,1,0.3432746971607411,0.3292267781561705,0.1573563005138073,648,4.983978520947209,121.0781128399444,-1.989
-9.681369674321292,0,0.0876656738358466,0.222905136009398,0.1267110656606629,3828,46.40375956093006,417.9078064700756,-6.8
-1.752249294370529,1,0.5846077454744893,0.3066199320064434,0.2290450115902474,310,12.13273413692322,25.61512772884413,-0.85
-1.410777651407751,1,0.3956774646712412,0.4528195311147832,0.2690463735004069,448,6.06636706846161,50.33515560906909,-2.19
-1.195690692891289,1,0.4633188235989277,0.456101091120817,0.2674768242183642,462,6.06636706846161,68.94293115806451,-1.01
-2.155851439473811,1,0.3615512502318669,0.4056003685510745,0.3767767046494454,436,12.13273413692322,129.1605960772003,-2.44
-2.266842894194431,1,0.2404773450383208,0.3920305028100787,0.2710555084353596,850,11.60093989023252,25.44221483314071,-2.57
1.633796722412975,0,0.0990047979551558,0.2602697809890712,0.0725843248737449,1478,12.13273413692322,34.08429817902474,-0.742
-2.523771604779748,1,0.2931172171121346,0.3767390608683293,0.2843974538502064,786,11.60093989023252,5.254776130556753,-2.89
-2.485399979011954,1,0.1525023123773133,0.303286722891221,0.0881201955686454,998,0.0,218.8020346850343,-3.083
-2.496729540483241,1,0.1477025290355992,0.2376723944664291,0.1503106314161124,298,35.39237125724043,114.1964719387391,-2.82
-2.54101396380358,1,0.511673941267176,0.2486575283861464,0.0886451911690802,424,18.19910120538483,2.424921838761713,-3.03
-0.2230238172766021,1,0.5591066101306599,0.3766684081361096,0.3498580249923562,266,0.0,2.525296399693979,1.11
-1.703082186403925,1,0.5921752235639846,0.2821057356505198,0.1010782611371691,348,18.19910120538483,2.348151830553266,-1.92
-2.865174257279754,1,0.2158941988912762,0.5412755188904106,0.3533485804609513,3660,39.13182367841438,47.0853157857696,-2.28
-4.058866222910306,1,0.3043028080512783,0.2546398600973611,0.1665352247462601,810,36.39820241076966,0.0,-3.57
-5.61486379456657,0,0.0816084881975752,0.1978749221194442,0.0841924151597822,660,48.53093654769288,196.8411921570743,-8.6
-2.821885517403786,1,0.1230480534620322,0.2376723944664291,0.1256318752971014,368,48.53093654769288,134.5815967365935,-3.6
-4.49996365195649,1,0.2520884132435594,0.3330757453644622,0.2470732738976695,1188,36.54643860308167,3.564178586137354,-4.77
-1.845265607248686,1,0.4430431639544589,0.2314252028779518,0.2377279429089704,442,23.2982492738063,73.99040944407393,-2.46
-2.435892186403924,1,0.5555512673139011,0.2821057356505198,0.2307378591987026,348,18.19910120538483,12.39923182290963,-1.7
-3.950038807367465,1,0.1974297598578061,0.3067946024749678,0.160585554725315,814,0.0,20.04574317788034,-3.19
-4.646163535629335,1,0.2677591741953537,0.4030036103604384,0.154772996647747,1408,23.20187978046503,90.80261400362603,-4.7
-0.9623294446868336,1,0.3698636265868669,0.4365587466450685,0.2527087912649319,384,0.0,29.72929059529995,0.61
-3.839370122392167,1,0.1848753537049824,0.3054655601478695,0.1334123099740901,1112,18.19910120538483,7.482550203968338,-4.76
-0.8195102617780268,1,0.288880565203834,0.4947449939222924,0.3045676512123929,538,5.15571272675054,97.6588164190774,-2.19
-4.177803530691854,1,0.1844404557285637,0.322570364605427,0.1588610244988222,928,30.33183534230805,6.727208028210804,-3.796
-1.264273829090374,1,0.2084594298463215,0.4935774433336773,0.2142667565800212,866,0.0,38.27809685849599,-3.22
-3.686602472508175,1,0.1649956569267448,0.4044595022077385,0.1758444545526942,1104,0.0,28.2648725636139,-3.561
-4.090701114605385,1,0.3658314999661387,0.4697356810490784,0.3588831013460713,1424,52.47012662939168,18.01078614639295,-3.76
-4.511439083399154,1,0.1894708636301722,0.3364569891033439,0.1578314762255449,890,30.33183534230805,34.54952195449774,-3.796
-1.601846505725724,1,0.3747631660054924,0.4536999331391317,0.3901593489334075,398,18.19910120538483,126.6764922243542,-1.8
-0.5475027501564685,1,0.5,0.5301029995663982,0.3792071101409147,254,0.0,95.5761570760173,-0.22
-4.830346404562764,1,0.3679260298252389,0.4019976577389366,0.2172973816627456,1258,23.20187978046503,34.18026755963585,-5.46
-1.411905657590987,1,0.1912845091438627,0.4317731483261449,0.207306280626769,810,0.0,86.34379608956394,-3.38
0.0105401630459143,1,0.1967831539716522,0.425618156969378,0.1859953319976793,836,0.0,18.9590602652563,-2.22
-0.1028902682622905,1,0.5,0.6562657890890309,0.3662575192802357,216,0.0,109.9125806374199,0.26
-2.011459294370529,1,0.5983792236418701,0.3066199320064434,0.2462144638342302,310,18.19910120538483,12.54855334797242,-1.28
-3.448214700395047,1,0.1281545728864345,0.1839387808536961,0.0522419278620733,344,58.79322575986332,117.0528586066376,-5.88
-6.938906639557495,0,0.1355567395124513,0.2393979539387395,0.0835340658021676,1552,78.87242492837322,70.04252751315032,-3.931
-1.615261002763145,1,0.2650707193421075,0.2567832400897015,0.250528704234783,652,6.42082162292601,0.3228206335440781,-3.171
-3.803440499086383,1,0.2672267243329167,0.2177729434778513,0.1821854191670363,1012,18.41727604861553,2.509890715054684,-4.8
-2.811614518397415,1,0.232981955010094,0.2243229310424858,0.1283582404495462,938,12.84417151854627,100.6682509511642,-4.57
-4.423648374665302,1,0.2188149090346452,0.4246321947805823,0.2361531266973519,1184,17.66730695869413,32.65371576879623,-4.046
-6.243206422190781,0,0.1217990324587057,0.2977854365848634,0.1380748088486158,1670,53.53371512277308,423.551924876693,-6.51
-0.7932208242598805,1,0.4712340928988972,0.4000128986078656,0.2731752295824014,336,12.13273413692322,60.57942209948321,-0.72
-2.008384664913265,1,0.5850965320689233,0.4180521152260062,0.2299998971972213,560,23.73367402715574,18.71998462873512,-1.52
-3.262330169901469,1,0.2423643179993447,0.4535095090581451,0.1862942374530878,1734,23.73367402715574,252.808155585392,-3.19
-3.364429757905245,1,0.246494055170414,0.4535095090581451,0.1892856905684993,3318,23.73367402715574,244.7134237306672,-3.54
-2.40144049378476,1,0.3464617189980013,0.5214192468721506,0.385509789012526,686,23.73367402715574,110.9503808307367,-2.55
-3.025802200549686,1,0.1431069391578874,0.1894485821789581,0.0583368617658738,306,52.37240413693731,109.4448277381826,-5.24
0.0973540501992399,1,0.4325951344646497,0.4510762136412372,0.3883440532541915,292,0.0,24.95228489231337,0.85
-2.919359767221438,1,0.4636747868432807,0.4535095090581451,0.3084373468915744,1526,12.13273413692322,86.15816020620419,-2.7
-0.776431439473811,1,0.3822053788569003,0.4056003685510745,0.2209254233406044,436,12.13273413692322,45.84523513599463,-1.82
-1.300119951067653,1,0.4399408055959816,0.343019975278146,0.2558862596065989,388,12.13273413692322,62.07759622070849,-1.96
-1.410777651407751,1,0.3720639296407289,0.4528195311147832,0.2759489435312651,448,12.13273413692322,42.37531797070709,-1.96
-1.910088562990935,1,0.4327992658817615,0.4130209323544854,0.2740883034419906,500,12.13273413692322,8.959214504259812,-1.96
-1.195690692891289,1,0.4386406477933505,0.456101091120817,0.270988619587466,462,12.13273413692322,46.06307022035513,-1.74
-2.155851439473811,1,0.3592695056104386,0.4056003685510745,0.3780332090235148,436,18.19910120538483,106.2949759634672,-2.33
-3.368762552874446,1,0.1611095477235827,0.3554210501595627,0.1343572578342778,1286,13.84747439938125,0.0,-5.16
-4.408791812410365,1,0.3250004149111133,0.2637133882991921,0.2198247356490744,748,11.64912463690315,18.05755048346522,-4.314
-1.752249294370529,1,0.5838106665723523,0.3066199320064434,0.2288647708948519,310,18.19910120538483,15.09691609371115,-2.21
-5.132216987327226,1,0.2748778839840904,0.330990132133366,0.2480051052612899,1426,43.9730913795369,10.0651176116737,-5.696
-0.6669634830566855,1,0.211020990009027,0.3981477284286881,0.2662688009260197,860,5.15571272675054,6.690850562058602,0.106
-4.312726778417728,1,0.2163246454821818,0.3445953208615502,0.1637967116481678,1066,41.93277523254056,114.8145879276095,-3.952
-2.774509178550423,1,0.2759223196672139,0.3545695332631522,0.1504263095869995,1006,18.19910120538483,58.87075313733389,-2.281
-2.496729540483241,1,0.1484587928900573,0.2376723944664291,0.1498347389531331,298,24.26546827384644,106.2950263696829,-2.8
-3.605254184823772,1,0.2489665469670556,0.2760482130108203,0.1436520798329106,994,37.96448165092747,126.9536136784268,-3.73
-2.985694227490454,1,0.3329585069533674,0.2796164966510751,0.130448149189464,542,24.26546827384644,35.01623414924011,-2.7
-6.243206422190781,0,0.1223139752162714,0.2977854365848634,0.1385934413995574,1670,47.46734805431147,477.2069323956466,-7.2
-6.237354793758184,0,0.1167493478482942,0.3020050003179304,0.1588518314934704,1668,70.6692278347765,600.6528086349443,-6.9
-0.7932208242598805,1,0.5009215788655178,0.4000128986078656,0.289028480367689,336,0.0,64.98100692097528,-0.8
-0.4229175493769162,1,0.2051791009800484,0.5933152489026101,0.2501584026752141,400,0.0,45.87568951106624,-0.4
-2.818844102278927,1,0.2574293470245668,0.3866756854242694,0.2306763387763204,1224,0.0,7.979078584212776,-4.66
-2.985694227490454,1,0.3329585069533674,0.2796164966510751,0.130448149189464,542,24.26546827384644,50.88597696550122,-2.7
-3.038473645410202,1,0.3985016610670948,0.4052827451790192,0.2695618454096165,1634,15.92994389794935,3.972506665274686,-3.083
-3.589906072896757,1,0.1787233330420137,0.4535095090581451,0.223224413275597,4254,15.92994389794935,443.9743045835151,-4.56
-2.789194516556836,1,0.3872067374218101,0.4052827451790192,0.2619218728411477,698,11.60093989023252,4.917112582310246,-2.843
-2.008384664913265,1,0.6216305901388537,0.4180521152260062,0.2435460470652329,560,11.60093989023252,19.34046843378641,-1.66
-3.262330169901469,1,0.2694735785890352,0.4535095090581451,0.2040956387192627,1734,27.53088378818186,265.9351402467698,-3.63
-3.364429757905245,1,0.2735400320712856,0.4535095090581451,0.2071671178016315,3318,11.60093989023252,258.5932776529448,-4.03
-2.40144049378476,1,0.3830484688723395,0.5214192468721506,0.3989419411708879,686,11.60093989023252,123.3893104648541,-2.92
-1.537746293467495,1,0.6774367609425247,0.3179455553999495,0.3908747623595893,324,17.69618562862022,44.67691276741913,-0.73
-2.87186176130878,1,0.3426482890674076,0.2746994469135728,0.2884929519059389,750,32.03018097169837,0.1248660802960698,-3.53
-5.040947444787527,0,0.1969231118487002,0.2716970421153877,0.1998200902884852,1156,54.77441847839258,0.4345365901883014,-5.915
-5.331264045721824,1,0.1921637325751325,0.3696025301680662,0.1880860882521675,1662,58.00469945116258,325.071038783616,-5.65
-3.062607502981193,1,0.2271252774188458,0.4329316468984661,0.4961143886851052,1518,34.80281967069755,247.8622913295474,-2.6
-4.904246822123644,1,0.5580567529052485,0.4362537855285537,0.3242340731117589,1726,58.00469945116258,37.97147866816015,-4.28
-4.161523994135822,1,0.115707669826608,0.2050772104486569,0.1302445577338444,412,6.06636706846161,103.7155730288176,-4.0
-1.729310951241084,1,0.2201730265183455,0.2138199372254135,0.0896847349615244,192,33.10993926815928,69.09779068698815,-3.18
-3.180054046202029,1,0.1631443836307745,0.3070203159882776,0.193095138777834,704,27.19203322199788,32.25715272772362,-2.39
-1.925477901786111,1,0.5125690082547011,0.2795745237229117,0.332402307982917,394,19.76538044554264,22.44939919158931,-1.89
-1.925477901786111,1,0.5104655155513451,0.2795745237229117,0.3344178080212015,394,13.34455882261663,34.61352963253084,-2.25
-3.625963994135821,1,0.108199737356528,0.2050772104486569,0.1035299021397368,412,50.09721578785069,151.7403231322707,-4.64
-3.016349115167914,1,0.1240652007740252,0.1871441427441503,0.0574345195643809,380,58.29031018309871,120.3398600594844,-6.08
-4.818253252565685,1,0.1364527386914937,0.4031860209199505,0.25534537048082,1576,18.19910120538483,7.838821922206869,-3.8
-5.769617717852332,0,0.2470651619896649,0.2701932244262433,0.1662740852209823,1546,67.38118952215433,52.93681408547426,-6.291
-6.446629430587615,0,0.0810514368999099,0.190886800584993,0.0836241254916894,732,72.79640482153933,203.4403576353686,-8.804
-2.442088161868185,1,0.3515782306677011,0.4052827451790192,0.2378226274119891,490,0.0,6.328115742908217,-1.78
-2.710286033840552,1,0.4010547388416764,0.3181898332820658,0.1792550272911816,550,0.0,25.34678074237763,-2.35
-4.232376159766473,1,0.0983236285625452,0.2137135814081428,0.1004251369322809,514,60.6636706846161,157.6116619141529,-5.26
-4.011857651918642,1,0.3639849423424508,0.2634215355330259,0.1205901074859637,526,42.46456947923127,54.48279351902194,-2.78
-2.125877084706216,1,0.6641447691306541,0.2910563814844883,0.1597116659842225,362,18.19910120538483,20.67108464298102,-2.33
-3.94901312411532,1,0.1978288237286641,0.3079975022396124,0.1820748781829855,946,18.19910120538483,95.98941628361,-4.805
-3.30748232333942,1,0.1568660393947751,0.3413328137153022,0.1858699429342679,734,37.25557254199867,25.09296277625836,-2.322
-0.9751559239316672,1,0.6981279640439851,0.3551795426534944,0.4028131153993162,286,18.19910120538483,47.13563257542128,0.0
-4.613950932367914,1,0.2300445327929292,0.2591484902820405,0.1538278449325606,990,42.46456947923127,144.9582659231296,-2.9
-5.34298108139914,0,0.2393350833543703,0.2206800750826899,0.1610709683194329,1046,55.82843437859245,6.655672578133404,-5.24
-4.037247295298641,1,0.1611507642746444,0.2664910806026479,0.1532593821237768,930,56.1635828563123,222.7971931490464,-3.81
-1.266956235511559,1,0.3894515243908382,0.3514097655573916,0.217627076020569,322,18.19910120538483,12.85362129374676,0.07
-1.403856293467495,1,0.5486806574534626,0.3179455553999495,0.2949157771522917,324,30.33183534230805,60.08883638714472,-0.4
-1.467969386338661,1,0.3724718834002518,0.3917891616940474,0.1672381166397182,614,18.19910120538483,17.34508765117682,-1.77
-4.105209077670576,1,0.1832676804159957,0.3122616873469425,0.1871727305367109,778,60.6636706846161,4.902599968835631,-4.097
-2.587681653641208,1,0.3134006437793956,0.3485810861998616,0.2410527559526326,1390,18.30546199580378,26.21627020316469,-4.11
-3.907731740663015,1,0.22000436844014,0.4002550600527681,0.226803465759033,1778,11.60093989023252,96.60316879141848,-5.233
-2.83661969699095,1,0.2032868725798521,0.3734436303819114,0.2613679122957705,1218,35.48754806905859,35.5708695777628,-4.862
-0.5106004425381634,1,0.264468067539028,0.3917891616940474,0.2096375795419842,472,24.30408042733552,27.58317075550831,-2.932
-2.150813030845848,1,0.2755036048943963,0.4123493675869248,0.2470929513827072,470,12.13273413692322,31.37018862626201,-2.61
-1.924302327814736,1,0.3246662290324951,0.3621368434811013,0.1696141660484174,390,12.13273413692322,169.7351516593209,-2.38
-1.586460011042977,1,0.417927700727649,0.3691551106844369,0.2411415570760613,474,0.0,74.6755211017436,-1.03
-1.118590678994929,1,0.5398328444950411,0.3658851619665568,0.311478839677124,386,0.0,64.02448194516359,-0.96
-6.978228192529344,0,0.0701387187828875,0.1864782882806364,0.0716636196769726,806,84.92913895846256,233.745925127293,-7.87
-2.544381718835808,1,0.2379160714386917,0.2721041331444046,0.1290557333914845,872,24.29442738896325,105.3639688874273,-3.46
-1.625840838229279,1,0.356222089661095,0.3629780188886358,0.181254850183678,486,0.0,70.19469938533757,-1.63
-3.279399880762084,1,0.2000828046899021,0.2924424227149149,0.1458643805256652,1510,25.22919919549441,0.4276744205211668,-4.15
-2.345269048869569,1,0.2266380397273616,0.3142322095964292,0.2410857030239969,738,0.0,28.11418512414255,-1.95
-2.899329867331914,1,0.2184186876903647,0.3581254255311181,0.1268698353894085,1212,18.19910120538483,63.9100500271477,-4.16
-1.836829470991049,1,0.534580349460461,0.3338542595329682,0.1609361000343003,424,0.0,34.54201270808375,-1.49
-1.752249294370529,1,0.5847634892412079,0.3066199320064434,0.2291013836628805,310,17.69618562862022,22.68164200499457,-1.21
-1.410777651407751,1,0.4068467646253357,0.4528195311147832,0.2745576848939343,448,0.0,29.76107506903474,-2.37
-1.910088562990935,1,0.4777931625286688,0.4130209323544854,0.2589171776356688,500,0.0,38.38423100506143,-2.41
-1.195690692891289,1,0.4831333533423181,0.456101091120817,0.2787682344991898,462,0.0,66.37570277270945,-0.74
-2.155851439473811,1,0.3627901870639528,0.4056003685510745,0.3777223429292247,436,17.69618562862022,128.3728682627773,-2.49
-2.97083094024062,1,0.5186307032198008,0.2672297156616445,0.2992453739584616,506,42.46456947923127,60.78190876962091,-3.48
-3.483713862379734,1,0.3075348698428765,0.210104890268234,0.1647773864886768,840,25.4965990362844,100.6632277103266,-4.12
-2.167248651623018,1,0.17611058585284,0.2326836389366617,0.0948490118817861,1104,25.4965990362844,29.15851111170549,-3.18
-2.785226935841852,1,0.1794562673883099,0.2314119557545199,0.1186199100707378,1242,25.4965990362844,96.23948782872064,-4.37
-3.68712772284805,1,0.2862301461386176,0.2004439393427587,0.1533623014492316,916,25.4965990362844,108.2290343394716,-4.65
-3.418493154306415,1,0.206051120842761,0.3184922510992658,0.1471976502353753,672,37.25557254199867,20.45287177861153,-2.64
-2.367485352206909,1,0.1740515881565773,0.3418776106000334,0.2060046134012975,628,20.77121159907187,30.85025668687251,-2.21
-4.417911739103234,1,0.2378835900641127,0.3600330996647255,0.2091432265516988,1234,23.20187978046503,168.1119586241749,-4.8
-4.382473161299163,1,0.2462739035109047,0.2046723912500082,0.1275336846267204,914,19.42057892945051,147.5758933084052,-4.42
-3.165002738409923,1,0.2529976761791768,0.300712378797753,0.1747330188731613,688,0.0,76.88049410595018,-2.478
-3.534186840920226,1,0.229370918490661,0.300712378797753,0.1487465084216412,880,11.76188494939112,13.15054675874676,-4.1
-2.77596208561855,1,0.2953081459504978,0.3213024759903059,0.2310096674101101,812,18.19910120538483,0.0,-2.48
-0.8244293766420586,1,0.3449046453411883,0.2443612216724284,0.1370719223333261,116,20.26829602230726,56.43786476212563,-1.94
-3.974945920457551,1,0.3552220228805698,0.3980210211386798,0.2435944609724922,1024,30.12561698015566,4.576956237971475,-3.0
-3.653162118534136,1,0.2401964845915404,0.3219240302825785,0.155980133864621,874,0.0,17.9016252436012,-4.43
-1.799852005212772,1,0.2534192321917486,0.3377017267125418,0.1840639067987999,1166,6.923737199690624,29.03034970628625,-3.408
-4.66619774044247,1,0.1963505876943025,0.3361244895776609,0.1245344999857303,1410,42.61280567154328,38.21514774120466,-3.493
-0.4393439322419945,1,0.8378654207582207,0.3899728733539151,0.3292069676339127,178,6.923737199690624,57.18559980201255,0.58
-0.5665346801765316,1,0.7916111604650218,0.4263962442450202,0.2467688458896687,162,6.923737199690624,72.85695734275704,0.28
-2.48996730075045,1,0.295980210084204,0.3110912619350605,0.2503317245365343,652,12.13273413692322,3.682352767077357,-2.05
-1.077600189493875,1,0.5808044376297201,0.3260752345279584,0.3766440103194304,318,6.923737199690624,25.33330827446337,-0.72
-1.077600189493875,1,0.5638462577140194,0.3260752345279584,0.3666733207220912,318,6.923737199690624,30.48160787039367,-1.92
-0.6641040736941088,1,0.5793270812420603,0.3621368434811013,0.3622407816715874,280,6.923737199690624,15.01443478632401,-0.49
-1.503585402288426,1,0.5297382427028848,0.2997416467365092,0.3445045139870768,356,13.34455882261663,29.16022583485548,-1.34
-2.787569557103468,1,0.1307397413248514,0.2243071347541535,0.1257060991307403,336,43.67639416492468,111.4859012977741,-3.37
-2.174019464761479,1,0.1555043741878066,0.2002842627197176,0.0719996668307214,304,45.44866693724668,113.3283652589965,-4.74
-0.4696256793273014,1,0.4210224269884365,0.2896900821428475,0.2308078585218754,114,6.076020106833881,79.78785183471517,-1.08
-1.564575888550464,1,0.6858131742440329,0.2539707371322467,0.1081511473189965,294,6.923737199690624,6.968089901551559,-1.34
-0.0969757568056431,1,0.5155797340483734,0.3509453429964405,0.5301762868075524,112,0.0,101.7184052937015,-0.41
-2.408103133777759,1,0.5763834742526907,0.2547379046905644,0.3325679538425225,438,32.90394573599509,58.76443402876411,-2.41
-1.942445844552863,1,0.265426410736222,0.408855160427639,0.1921708456619339,416,0.0,78.42088819190869,0.02
-5.319066105737111,0,0.0709380451164382,0.1977398816576995,0.0717593799397492,662,84.92913895846256,233.110174983675,-7.11
-1.739948607110908,1,0.2415842118301783,0.4194626985263177,0.2554762663823438,694,17.69618562862022,82.52972815803129,-1.74
-2.496729540483241,1,0.1412891575820775,0.2376723944664291,0.1496548241169662,298,35.39237125724043,97.14259555552776,-2.77
-3.133932006919299,1,0.3593325975067879,0.2921668533410786,0.1837031500888021,660,18.19910120538483,48.18015050225563,-2.56
-0.742605195967224,1,0.3193697855459313,0.4751855473773556,0.2353566426509967,396,0.0,61.55803320269132,-0.667
-2.607817413815333,1,0.291430872427263,0.4043346616529444,0.2147754826168433,868,29.80004109561735,31.5642845599218,-2.878
-5.074115335638913,1,0.0971684782242585,0.2044992941858259,0.1002156935782406,586,60.6636706846161,166.2926702452188,-6.176
-0.9271230879570366,1,0.3987946272658564,0.4581460078048338,0.2154153908572909,246,0.0,70.43337159284256,1.1
-1.145731655067425,1,0.6432110145510882,0.3898293259352366,0.2040343084490867,234,6.06636706846161,36.95078225869106,0.76
-0.9271230879570366,1,0.4753776050291752,0.4581460078048338,0.2228186017799267,246,0.0,50.89638505655757,1.1
-2.212339007549299,1,0.2484039919742192,0.3183915013716447,0.2639945085778845,758,18.19910120538483,24.30069186885482,-2.09
-3.375647522740017,1,0.2014446375734081,0.4174952936686205,0.1406221512139373,1256,18.52467708992314,20.28339774802499,-3.29
-2.602051261766336,1,0.4568383534531201,0.3066199320064434,0.1497542336849609,380,24.26546827384644,42.89394266328758,-1.3
-4.922352877608152,1,0.1911606531518169,0.393670943025205,0.1348864743565356,1584,35.86640816407895,27.75340197237552,-5.03
-5.476098173351177,1,0.2841004465602195,0.4536999331391318,0.3399629832181461,1838,58.00469945116258,160.3143991765577,-5.82
5.427883993444006,0,0.0661556209001116,0.2503480783048341,0.0375771580164144,1704,0.0,496.7799166496844,-0.41
-3.050618707237646,1,0.1540021293700292,0.2990056316921209,0.1824694444327032,812,12.9997573065245,26.94871459407141,-2.696
-3.278819535203231,1,0.1969160118108311,0.3115313505606862,0.1666300149632033,778,0.0,4.345522579149503,-2.62
-0.8194067074709033,1,0.4295454814255829,0.6535212480354065,0.325148902696147,736,23.97975839243781,16.73374602967064,-1.77
-2.317110051660336,1,0.1190888394491854,0.3126817437942261,0.1057355559260229,1212,0.0,158.7523622444686,-3.685
-2.317186033840552,1,0.3401437917103443,0.3181898332820658,0.2485115803391186,550,6.923737199690624,20.58110270643515,-2.452
-4.138087037359863,1,0.3267068198439368,0.4773696350180857,0.2935249294626708,1836,34.80281967069755,10.26470574654753,-5.72
-5.396232275761336,1,0.1650704108727936,0.2476185921392302,0.0594717839202763,1234,6.578935683598497,87.10430205217953,-4.42
-3.252710357530338,1,0.1775615434675786,0.3772395174445735,0.1797588809418888,1398,23.20187978046503,0.9638381811839584,-4.376
-3.11477273025822,1,0.2929365374092339,0.33538173444042,0.1767953549302665,704,12.13273413692322,42.28619993603789,-3.672
-3.664016530472172,1,0.2676549929730422,0.3037195584186238,0.1540058220814672,780,11.62981856015861,38.60613203919062,-3.928
-4.035810795883254,1,0.1942509321749662,0.3427526426494397,0.164401941542212,1066,11.60093989023252,7.92925593041023,-4.114
-5.156698209167331,1,0.1553681792694425,0.3581254255311181,0.2041566812942152,1056,0.0,20.24036356622628,-4.207
-4.680741575472777,1,0.1967231338537056,0.2982739439176697,0.1600107498945532,816,0.0,23.5975736623248,-4.554
-3.478129201382881,1,0.2395234399493423,0.3115313505606862,0.1137368320531461,970,12.2178734430467,6.251915083871424,-4.634
-3.699361108020845,1,0.2595993956126101,0.2949125817251486,0.11117481875939,958,24.35060757996992,6.098051580499023,-4.706
-3.721082694466638,1,0.2489611163215325,0.2758664901087937,0.1904826531645761,754,24.26546827384644,2.234111664930376,-4.749
-3.680151575472777,1,0.191529859726575,0.2982739439176697,0.1622289640837545,816,0.0,4.467726216380177,-2.86
-4.572544270369208,1,0.2312501413580994,0.2953295604247785,0.1954476483492424,784,36.39820241076966,1.480133971801468,-4.799
-4.615206880703292,1,0.2133764466481989,0.2761949775393016,0.1463593716355177,892,0.0,7.21853503576032,-4.871
-4.637315591628564,1,0.2676887579813284,0.2967561934328374,0.1395893616160073,868,0.0,66.47560205564791,-5.153
-4.590207101046304,1,0.2215493105827469,0.3418586400035891,0.1770228619846347,1016,11.60093989023252,5.600420562088077,-5.36
-3.442875597615839,1,0.236928346619441,0.3239776703324742,0.1430401544078065,792,6.06636706846161,48.2130049369631,-3.043
-3.499954253154741,1,0.2210347321343202,0.2949125817251486,0.1781966177042355,766,12.13273413692322,6.387728733736107,-3.324
-3.694890954037871,1,0.1730661528183887,0.3009443285037479,0.1136270191962425,968,0.0,137.6997167279974,-3.36
-4.572544270369208,1,0.2312501413580994,0.2953295604247785,0.1954476483492424,784,36.39820241076966,2.220200957702203,-3.535
-3.739777115149376,1,0.3180230216165464,0.2921668533410786,0.1831549013755649,730,24.26546827384644,25.76931768631025,-3.68
0.5615148105114922,1,0.1575474206887472,0.2838483660537346,0.0780692967706108,934,18.19910120538483,7.184014233900753,-0.85
-0.776431439473811,1,0.3822053788569003,0.4056003685510745,0.2209254233406044,436,12.13273413692322,47.70975426831976,-1.836
-2.984313854030917,1,0.3288392288440962,0.3133033458595711,0.1900784326548161,656,30.33183534230805,94.71525004320362,-3.59
-2.692095276374272,1,0.3453518741969799,0.256292153262286,0.2335399893262015,750,19.92349450621513,22.63767060632917,-3.09
-3.238375614574811,1,0.1533624573095858,0.3046475243956619,0.1815244300675216,740,26.34431612914114,33.47767076238228,-2.356
-3.292981674426562,1,0.2357202473024123,0.264634518232528,0.2245210673960497,686,37.96448165092747,4.71921220559768,-4.11
-3.588994670186928,1,0.2558036909140362,0.3601810917310314,0.1649296564276759,798,0.0,24.83777528984687,-4.55
-2.006976560435804,1,0.2581735420594418,0.3312604308672481,0.171333283716871,804,11.76188494939112,0.8286121892023892,-2.676
2.565914580946247,0,0.1683392417421014,0.3100275721012118,0.0901279371570706,614,0.0,176.9267227519496,1.09
-3.101213890502141,1,0.1512879286401204,0.350129808019944,0.1248847521236061,1466,0.0,154.3354298395125,-1.981
-4.866360748289683,1,0.2466565354311151,0.231458455561338,0.1646399862394825,1408,31.18246387884163,20.64896881178646,-4.173
-4.679099203503158,1,0.2601760642675558,0.2441618962837367,0.1791044419840591,880,13.34455882261663,13.93681339479553,-3.84
-3.501307414406897,1,0.3091020158043372,0.2052459260896787,0.1657308648958032,842,13.84747439938125,57.9082919327011,-4.743
-4.611688941908763,0,0.2564569930890318,0.4223983932476924,0.3372069737023396,2006,46.40375956093006,16.0186623499755,-4.522
-2.013767125305438,1,0.2040751100193551,0.25,0.130360923715535,296,42.98679113274043,156.1580283315393,-2.82
-1.65173146475785,1,0.5382569296934104,0.3092219987250089,0.1549590601244997,360,30.33183534230805,62.88797616354627,-1.6
-0.7375761144083834,1,0.3505050675886699,0.4976786026332264,0.2678839929739464,326,0.0,24.23032594211456,0.3
3.675453290197333,0,0.0959736769558742,0.2749632337987452,0.0545141588284305,1158,0.0,148.0683653135475,0.79
-1.151449684341488,1,0.2162671339551572,0.4286506760470771,0.1429967857283923,842,0.0,79.43064172259588,-1.99
-2.537926061407409,1,0.4653968858091799,0.3511002434456296,0.1770308160141909,1152,42.15963396626882,1.884618433539886,-3.39
-0.9944175574732804,1,0.3339838041144836,0.4609163760739201,0.1989755917594913,706,0.0,41.5702216897125,-1.34
-2.834210206881149,1,0.1580289276363547,0.3199460293301641,0.1870478042163438,702,26.34431612914114,36.6856103237554,-2.016
-2.817152394121514,1,0.1180546347760053,0.2137135814081428,0.1186866143648013,374,51.10304694137992,144.8764950763595,-3.66
-0.1608764946738926,1,0.654639258318775,0.3821955428728739,0.3113567003931154,214,6.076020106833881,68.19653028030592,0.32
-6.596815517496136,1,0.1390017682990228,0.4374390984842983,0.1485585388981135,1638,29.26824684892664,10.77310184960137,-7.28
-2.862490169940893,1,0.2378615018499579,0.3719130028712083,0.2523028085410533,852,11.60093989023252,27.61069061633626,-2.484
-2.996931336578293,1,0.2903266407319401,0.3148252292617518,0.2233056487616562,1466,32.15293639518503,37.03524293858933,-4.755
-3.521342738409923,1,0.2537212850294739,0.300712378797753,0.1752327794067051,688,0.0,80.37864111622254,-3.239
-3.890526840920227,1,0.2317636178325345,0.300712378797753,0.1493934509731722,880,11.76188494939112,28.61405997326186,-4.0
-3.483713862379734,1,0.3105191959601384,0.210104890268234,0.1664907127239222,840,19.42057892945051,74.99120424259965,-4.02
-4.114027577595526,1,0.2947962107069743,0.2141936321695983,0.1929816816659276,978,19.42057892945051,8.531866886227725,-5.184
-4.509956177250495,1,0.2848003356617337,0.2093763562907709,0.1882891399809019,1016,26.34431612914114,15.60199325737334,-5.37
-3.309310096595461,1,0.25,0.3109175070825712,1.0,4936,0.0,268.3726419115901,-3.14
-2.425894053798067,1,0.25,0.355245321275764,0.5,1228,46.40375956093006,244.0134748551394,-2.54
-4.417179810857412,1,0.3831973196513426,0.4581496421573112,0.2234124007703513,1540,46.40375956093006,49.55533961214939,-4.02
-2.37662937907261,1,0.25,0.3109175070825712,1.0,1192,46.40375956093006,245.2818375792965,-2.31
-5.516108587655395,0,0.0841782354648856,0.165290701639051,0.0343150747031897,534,90.89733387449338,182.4130669576022,-7.96
-6.625542602293048,0,0.1981319613627106,0.3424311958240901,0.1834063553042782,1610,31.52443439644765,35.96740457495869,-7.321
-0.589902352109148,1,0.8743271055247165,0.3347983891019821,0.1298622067199161,216,0.0,29.41408493117635,0.49
-0.902310349286252,1,0.7794067334235751,0.2995481027607745,0.1157599303349644,254,0.0,31.57102377378089,-0.03
0.0037153563930183,1,0.3634825657728475,0.3448619546669419,0.3499270085251715,354,0.0,3.413559359761568,0.94
-2.447619907802891,1,0.1571836322724248,0.351759951189142,0.1396658306200611,832,12.13273413692322,44.77665308976975,-2.676
-0.9520325196985004,1,0.2033550613829317,0.4183406281573956,0.204252854472969,584,0.0,6.101492168752067,-2.523
-0.9520325196985004,1,0.210104041204652,0.4183406281573956,0.205750829660287,584,0.0,40.01485019650452,-1.39
-2.693682653713684,1,0.1752547547944793,0.3808606218493888,0.1125909066226565,1650,35.33461391738825,161.3343567662173,-2.154
-3.439331095456946,1,0.1832368296563704,0.3199929579056392,0.1468450952528245,932,26.34431612914114,32.22250975505776,-3.46
-2.093710978032313,1,0.3049792995378721,0.3179455553999495,0.1493148640212659,516,18.19910120538483,124.7959248938953,-2.39
-2.222094752351891,1,0.2548482812767597,0.3275751560066098,0.3416741934925158,824,25.92692432582241,31.22656991237106,-1.62
-2.185650350469978,1,0.3340767502280997,0.3700982612427091,0.2531724344930745,1352,18.30546199580378,32.68708502507418,-3.091
-3.382353896629626,1,0.196117653072878,0.3229469390483674,0.1569460213040552,896,27.19203322199788,18.65273300506397,-3.36
-0.9503131193581226,1,0.5560577263774392,0.4391735523809267,0.2696868192564464,404,12.13273413692322,99.500848442444,-1.33
-1.687624250962895,1,0.3369493365191495,0.3551795426534944,0.2534832130529708,478,18.19910120538483,160.2439591302753,-2.12
-1.327833085626573,1,0.3317698442706641,0.5815855815233052,0.2759757566127142,566,0.0,19.34404957903448,-2.273
0.814664405997089,1,0.4738435524075167,0.5833333333333334,0.2019893281146718,394,0.0,31.69313403986378,0.32
-0.6344337677673791,1,0.4170726790459348,0.3772275036582267,0.1682854125632584,1350,24.43574688609339,3.180116269159839,-3.9
-1.660808394928474,1,0.275845494118158,0.4689823920546421,0.2858076008109628,412,0.0,26.21282673570538,-1.506
-2.559453133777759,1,0.5874039739087551,0.2547379046905644,0.3391535689598159,438,25.98020853630447,25.86936973992012,-2.22
-1.933421384815025,1,0.1572664860610682,0.2551368172689722,0.1580260039944418,260,35.89528683400505,103.6466606253953,-2.21
-3.234703994135821,1,0.1057650457682495,0.2050772104486569,0.1062950785877328,412,51.10304694137992,154.1165702725321,-4.15
-1.800219464761479,1,0.1504913719379578,0.2002842627197176,0.0721892022512836,304,39.53076089108529,104.074500103106,-4.47
-1.8760179718818,1,0.2112550578773827,0.2090686409165615,0.1319094275892664,266,31.9174206592104,67.76538578128657,-3.82
-1.004238928033183,1,0.2798478487832844,0.2350451878756692,0.1746879527165007,190,19.07577741335838,49.04520635427804,-2.54
-3.202429163540544,1,0.2714252770536675,0.333442638721064,0.1480690546884092,1084,32.37215148930439,0.0,-3.61
-3.251928084160729,1,0.3121272815663259,0.3626614471810182,0.2676961766190459,1612,46.56470462008866,0.0,-4.88
-1.83382404353638,1,0.1412408533686209,0.2573926765840492,0.0767141164569282,1248,18.57286183659377,114.8590842927034,-3.68
-3.463443116005137,1,0.1449655142894338,0.2438811594895886,0.0783681285165243,1360,18.57286183659377,46.70060894184684,-4.31
-3.055402528591468,1,0.135459867244216,0.2497801542416643,0.0893021684481954,1524,18.57286183659377,0.6189193595329467,-4.13
-3.271906978833021,1,0.1696304907027832,0.3157596084832742,0.099371324598738,786,30.33183534230805,56.75075533129059,-2.404
-6.180733040673319,1,0.2125043491427473,0.3176076717311137,0.1201639771157064,1398,41.40098098584986,1.610702047223002,-4.09
-2.489643385218981,1,0.3333333333333334,0.5904362833084089,0.6498591380978402,3712,47.78983169384804,222.3110061965009,-1.91
-3.565910095241884,1,0.1896957595547431,0.4984636183301164,0.1266014059617672,2078,11.60093989023252,9.360165342502937,-2.68
-1.527719813016748,1,0.2523825080866698,0.4822347049791689,0.2425508758291795,1500,34.80281967069755,56.97044156326229,-0.22
-3.565910095241884,1,0.1896957595547431,0.4984636183301164,0.1266014059617672,2078,11.60093989023252,19.05864991425297,-2.68
-1.839355193996478,1,0.4882387151018162,0.5644754678724236,0.699172137682791,988,34.80281967069755,119.2666326593851,-2.168
-1.781947049032095,1,0.3925450909383462,0.5644754678724236,0.5109010775658277,940,34.80281967069755,172.4302918797413,-1.96
-1.726319426431465,1,0.3333333333333334,0.5904362833084089,0.6868149623356453,904,34.80281967069755,201.2306245056877,-1.17
-5.199940180324088,0,0.3846097859010566,0.4108967565848113,0.2066637142206754,1848,41.72655687038817,16.62127102060187,-5.752
-5.013471306846216,0,0.3776151269901387,0.3690795185138668,0.2196587092327927,1434,34.80281967069755,61.61100840256547,-4.46
-5.963136094890169,0,0.1863700092184802,0.2627244811170109,0.3122447917801167,1258,48.02802097092827,33.28897370628138,-6.01
-2.441917921091957,1,0.3213250880670033,0.3875916511409809,0.2560344919236884,734,23.46952001485796,4.127718815965862,-2.07
-3.667952118534136,1,0.2497305584238856,0.3219240302825785,0.162770471301899,874,0.0,11.99276705751231,-4.06
-1.495093958625149,1,0.236901982916827,0.3281059542190397,0.3912349701605257,712,0.0,36.71674071345442,0.43
-4.695777234766082,1,0.1719393854502534,0.3711974984483528,0.1986820456251606,1130,13.84747439938125,0.0,-5.68
-2.511085512756623,1,0.1420187007004301,0.4253228943620363,0.0970108736111242,2428,69.60563934139509,2.108849327271066,-4.19
-3.215191741928871,1,0.1223118761756846,0.282083012156532,0.1016559478127966,1378,0.0,68.54504803506168,-3.638
-5.61486379456657,0,0.0819868026082946,0.1978749221194442,0.0837693530132161,660,72.79640482153933,202.8481802147909,-6.726
0.4902805185030799,1,0.1475285864926525,0.3550793687337073,0.0790259715980844,862,0.0,262.2649398925716,-1.95
-1.103912831627822,1,0.284078502407942,0.5350950905814502,0.2940713446087121,374,0.0,24.54947907488451,-1.488
1.063665984079726,1,0.3691681004264193,0.5833333333333334,0.324271661388789,202,0.0,53.25426503499138,0.96
-1.881083923397378,1,0.1562990258500823,0.4943042503656206,0.1704178905805287,572,0.0,53.10537808793379,-3.93
-1.324130349286252,1,0.6435496829976065,0.2995481027607745,0.2534509813955657,254,13.34455882261663,78.6538120632602,-0.85
-2.002619373068296,1,0.2083292404136765,0.3695074629937889,0.2257054870010623,1348,0.0,10.782069316241,1.144
-3.677096465247049,1,0.2832077917028072,0.3900719309523717,0.279374723471329,1260,29.78081546406353,51.8797102782363,-4.925
-4.965355578539975,1,0.2521985541968899,0.2591562890417407,0.1709392005818275,956,42.46456947923127,58.1755059827078,-3.893
-4.497400174312772,1,0.2359563829729487,0.362120532632364,0.1364055360449074,1454,29.80004109561735,65.02256128620193,-3.79
-2.844176033840552,1,0.336159690602271,0.3181898332820658,0.3373833036657835,550,6.06636706846161,49.06974699877734,-2.581
